ArchiveDate,Adult_Child,HospitalName,0-6 Months,6-12 Months,12-18 Months,18 Months +,Total
27/01/2022,Adult,Bantry General Hospital,45,19,4,4,72
27/01/2022,Adult,Beaumont Hospital,"4,020","1,030",43,23,"5,116"
27/01/2022,Adult,Cavan General Hospital,365,15,20,104,505
27/01/2022,Adult,Connolly Hospital Blanchardstown,839,106,6,0,951
27/01/2022,Adult,Coombe Women and Infants University Hospital,179,48,24,2,253
27/01/2022,Adult,Cork University Hospital,649,218,148,210,"1,226"
27/01/2022,Adult,Cork University Maternity Hospital,240,88,66,66,460
27/01/2022,Adult,Croom Orthopaedic Hospital,525,176,71,38,810
27/01/2022,Adult,Ennis Hospital,141,37,4,0,183
27/01/2022,Adult,Galway University Hospitals,"4,248","1,578","1,013","2,011","8,850"
27/01/2022,Adult,Kilcreene Regional Orthopaedic Hospital,317,11,0,0,328
27/01/2022,Adult,Letterkenny University Hospital,"1,239",358,387,624,"2,608"
27/01/2022,Adult,Louth County Hospital,422,41,12,2,478
27/01/2022,Adult,Mallow General Hospital,117,23,15,12,167
27/01/2022,Adult,Mater Misericordiae University Hospital,"3,459",900,363,959,"5,681"
27/01/2022,Adult,Mayo University Hospital,673,185,115,349,"1,323"
27/01/2022,Adult,Mercy University Hospital,793,230,113,203,"1,339"
27/01/2022,Adult,Midland Regional Hospital Mullingar,562,287,125,65,"1,040"
27/01/2022,Adult,Midland Regional Hospital Portlaoise,270,120,91,89,571
27/01/2022,Adult,Midland Regional Hospital Tullamore,756,236,84,191,"1,268"
27/01/2022,Adult,Naas General Hospital,166,31,13,16,227
27/01/2022,Adult,National Orthopaedic Hospital Cappagh,"1,281",195,23,20,"1,519"
27/01/2022,Adult,Nenagh Hospital,272,48,43,172,535
27/01/2022,Adult,Our Lady of Lourdes Hospital Drogheda,663,198,40,4,906
27/01/2022,Adult,Our Lady's Hospital Navan,783,184,59,47,"1,074"
27/01/2022,Adult,Portiuncula University Hospital,389,95,29,9,523
27/01/2022,Adult,Roscommon University Hospital,414,172,65,102,753
27/01/2022,Adult,Royal Victoria Eye and Ear Hospital,"1,525",195,88,64,"1,872"
27/01/2022,Adult,Sligo University Hospital,"1,712",516,322,268,"2,819"
27/01/2022,Adult,South Infirmary Victoria University Hospital,"1,717",424,212,85,"2,437"
27/01/2022,Adult,St. Columcille's Hospital,552,170,34,22,779
27/01/2022,Adult,St. James's Hospital,"2,685","1,091",564,"1,357","5,697"
27/01/2022,Adult,St. John's Hospital Limerick,649,216,208,255,"1,328"
27/01/2022,Adult,St. Luke's General Hospital Kilkenny,351,191,59,65,667
27/01/2022,Adult,St. Michael's Hospital,599,146,44,39,829
27/01/2022,Adult,St. Vincent's University Hospital,"2,047",596,326,337,"3,306"
27/01/2022,Adult,Tallaght University Hospital,"2,020",578,193,342,"3,132"
27/01/2022,Adult,Tipperary University Hospital,170,46,2,0,219
27/01/2022,Adult,University Hospital Kerry,329,165,81,76,652
27/01/2022,Adult,University Hospital Limerick,"1,167",342,167,223,"1,900"
27/01/2022,Adult,University Hospital Waterford,"2,458",580,353,977,"4,368"
27/01/2022,Adult,Wexford General Hospital,687,211,73,31,"1,003"
27/01/2022,Child,Beaumont Hospital,15,15,2,0,32
27/01/2022,Child,Cavan General Hospital,74,14,34,91,213
27/01/2022,Child,Children's Health Ireland,"2,653","1,306",734,"1,138","5,830"
27/01/2022,Child,Cork University Hospital,39,16,13,15,83
27/01/2022,Child,Galway University Hospitals,190,70,42,71,373
27/01/2022,Child,Letterkenny University Hospital,30,9,14,23,77
27/01/2022,Child,Mayo University Hospital,9,6,2,6,22
27/01/2022,Child,Mercy University Hospital,86,15,9,4,114
27/01/2022,Child,Midland Regional Hospital Mullingar,41,13,0,0,53
27/01/2022,Child,Midland Regional Hospital Tullamore,156,6,0,0,161
27/01/2022,Child,National Orthopaedic Hospital Cappagh,178,41,15,19,253
27/01/2022,Child,Nenagh Hospital,25,6,0,0,30
27/01/2022,Child,Our Lady of Lourdes Hospital Drogheda,77,7,4,2,90
27/01/2022,Child,Portiuncula University Hospital,28,6,4,2,40
27/01/2022,Child,Royal Victoria Eye and Ear Hospital,48,6,4,9,66
27/01/2022,Child,Sligo University Hospital,77,23,13,13,126
27/01/2022,Child,Small Volume Hospitals,37,2,6,4,48
27/01/2022,Child,South Infirmary Victoria University Hospital,93,15,2,5,115
27/01/2022,Child,University Hospital Kerry,23,7,4,2,36
27/01/2022,Child,University Hospital Limerick,87,35,15,30,166
27/01/2022,Child,University Hospital Waterford,89,9,2,14,114
24/02/2022,Adult,Bantry General Hospital,60,21,2,4,87
24/02/2022,Adult,Beaumont Hospital,"4,126","1,156",76,61,"5,419"
24/02/2022,Adult,Cavan General Hospital,341,5,0,0,346
24/02/2022,Adult,Connolly Hospital Blanchardstown,982,124,2,2,"1,110"
24/02/2022,Adult,Coombe Women and Infants University Hospital,173,66,22,2,263
24/02/2022,Adult,Cork University Hospital,784,211,145,218,"1,358"
24/02/2022,Adult,Cork University Maternity Hospital,230,63,51,56,400
24/02/2022,Adult,Croom Orthopaedic Hospital,426,156,53,28,663
24/02/2022,Adult,Ennis Hospital,177,40,10,6,234
24/02/2022,Adult,Galway University Hospitals,"4,327","1,679",988,"2,031","9,025"
24/02/2022,Adult,Kilcreene Regional Orthopaedic Hospital,381,18,4,2,405
24/02/2022,Adult,Letterkenny University Hospital,"1,272",406,329,658,"2,666"
24/02/2022,Adult,Louth County Hospital,433,47,10,2,493
24/02/2022,Adult,Mallow General Hospital,150,25,15,15,206
24/02/2022,Adult,Mater Misericordiae University Hospital,"3,670",944,371,971,"5,956"
24/02/2022,Adult,Mayo University Hospital,713,190,109,316,"1,329"
24/02/2022,Adult,Mercy University Hospital,778,215,106,228,"1,327"
24/02/2022,Adult,Midland Regional Hospital Mullingar,528,319,104,62,"1,014"
24/02/2022,Adult,Midland Regional Hospital Portlaoise,175,110,69,93,447
24/02/2022,Adult,Midland Regional Hospital Tullamore,686,228,71,167,"1,153"
24/02/2022,Adult,Naas General Hospital,167,24,11,11,213
24/02/2022,Adult,National Orthopaedic Hospital Cappagh,"1,362",156,22,20,"1,560"
24/02/2022,Adult,Nenagh Hospital,266,53,41,100,460
24/02/2022,Adult,Our Lady of Lourdes Hospital Drogheda,651,216,54,9,931
24/02/2022,Adult,Our Lady's Hospital Navan,808,231,47,38,"1,124"
24/02/2022,Adult,Portiuncula University Hospital,432,115,30,37,614
24/02/2022,Adult,Roscommon University Hospital,401,152,71,112,736
24/02/2022,Adult,Royal Victoria Eye and Ear Hospital,"1,242",167,75,53,"1,537"
24/02/2022,Adult,Sligo University Hospital,"1,723",595,315,293,"2,927"
24/02/2022,Adult,South Infirmary Victoria University Hospital,"1,725",390,224,87,"2,426"
24/02/2022,Adult,St. Columcille's Hospital,551,177,33,23,785
24/02/2022,Adult,St. James's Hospital,"2,701","1,023",558,"1,359","5,641"
24/02/2022,Adult,St. John's Hospital Limerick,602,220,194,254,"1,271"
24/02/2022,Adult,St. Luke's General Hospital Kilkenny,333,180,48,46,608
24/02/2022,Adult,St. Michael's Hospital,585,158,49,35,828
24/02/2022,Adult,St. Vincent's University Hospital,"2,138",593,339,344,"3,415"
24/02/2022,Adult,Tallaght University Hospital,"2,206",539,177,354,"3,275"
24/02/2022,Adult,Tipperary University Hospital,107,18,2,0,127
24/02/2022,Adult,University Hospital Kerry,305,152,86,89,633
24/02/2022,Adult,University Hospital Limerick,"1,260",341,175,199,"1,976"
24/02/2022,Adult,University Hospital Waterford,"2,601",617,311,980,"4,509"
24/02/2022,Adult,Wexford General Hospital,601,235,55,25,916
24/02/2022,Child,Beaumont Hospital,12,12,2,0,26
24/02/2022,Child,Cavan General Hospital,19,2,0,0,21
24/02/2022,Child,Children's Health Ireland,"2,713","1,306",766,"1,143","5,927"
24/02/2022,Child,Cork University Hospital,78,15,11,15,119
24/02/2022,Child,Galway University Hospitals,211,78,44,73,406
24/02/2022,Child,Letterkenny University Hospital,37,7,7,26,77
24/02/2022,Child,Mercy University Hospital,93,25,9,4,130
24/02/2022,Child,Midland Regional Hospital Mullingar,25,15,0,0,40
24/02/2022,Child,Midland Regional Hospital Tullamore,138,4,0,0,142
24/02/2022,Child,National Orthopaedic Hospital Cappagh,186,46,14,22,268
24/02/2022,Child,Our Lady of Lourdes Hospital Drogheda,78,16,7,2,103
24/02/2022,Child,Portiuncula University Hospital,33,5,2,0,40
24/02/2022,Child,Royal Victoria Eye and Ear Hospital,40,5,5,7,58
24/02/2022,Child,Sligo University Hospital,101,25,9,15,150
24/02/2022,Child,Small Volume Hospitals,59,6,2,4,70
24/02/2022,Child,South Infirmary Victoria University Hospital,76,18,2,2,97
24/02/2022,Child,University Hospital Kerry,16,9,2,2,29
24/02/2022,Child,University Hospital Limerick,88,31,13,17,150
24/02/2022,Child,University Hospital Waterford,77,9,2,12,101
31/03/2022,Adult,Bantry General Hospital,89,25,2,6,122
31/03/2022,Adult,Beaumont Hospital,"4,213","1,374",176,85,"5,848"
31/03/2022,Adult,Cavan General Hospital,360,31,0,0,391
31/03/2022,Adult,Connolly Hospital Blanchardstown,991,146,0,0,"1,137"
31/03/2022,Adult,Coombe Women and Infants University Hospital,138,78,14,2,232
31/03/2022,Adult,Cork University Hospital,780,233,152,241,"1,406"
31/03/2022,Adult,Cork University Maternity Hospital,256,73,40,60,429
31/03/2022,Adult,Croom Orthopaedic Hospital,391,160,45,43,639
31/03/2022,Adult,Ennis Hospital,198,51,10,4,263
31/03/2022,Adult,Galway University Hospitals,"4,336","1,815",951,"2,085","9,187"
31/03/2022,Adult,Kilcreene Regional Orthopaedic Hospital,419,18,4,2,443
31/03/2022,Adult,Letterkenny University Hospital,"1,278",467,277,711,"2,733"
31/03/2022,Adult,Louth County Hospital,382,42,17,2,443
31/03/2022,Adult,Mallow General Hospital,137,26,15,18,196
31/03/2022,Adult,Mater Misericordiae University Hospital,"3,777","1,027",364,864,"6,032"
31/03/2022,Adult,Mayo University Hospital,808,217,104,319,"1,448"
31/03/2022,Adult,Mercy University Hospital,688,215,120,193,"1,216"
31/03/2022,Adult,Midland Regional Hospital Mullingar,567,285,110,56,"1,018"
31/03/2022,Adult,Midland Regional Hospital Portlaoise,167,102,48,75,392
31/03/2022,Adult,Midland Regional Hospital Tullamore,820,223,99,171,"1,313"
31/03/2022,Adult,Naas General Hospital,205,28,17,12,262
31/03/2022,Adult,National Orthopaedic Hospital Cappagh,"1,326",192,27,19,"1,564"
31/03/2022,Adult,Nenagh Hospital,310,46,41,91,488
31/03/2022,Adult,Our Lady of Lourdes Hospital Drogheda,563,235,53,14,865
31/03/2022,Adult,Our Lady's Hospital Navan,674,181,57,31,943
31/03/2022,Adult,Portiuncula University Hospital,456,112,20,35,623
31/03/2022,Adult,Roscommon University Hospital,458,161,89,121,829
31/03/2022,Adult,Royal Victoria Eye and Ear Hospital,"1,509",188,54,41,"1,792"
31/03/2022,Adult,Sligo University Hospital,"1,871",648,321,338,"3,178"
31/03/2022,Adult,South Infirmary Victoria University Hospital,"1,904",441,227,113,"2,685"
31/03/2022,Adult,St. Columcille's Hospital,603,152,45,22,822
31/03/2022,Adult,St. James's Hospital,"2,801","1,138",571,"1,459","5,969"
31/03/2022,Adult,St. John's Hospital Limerick,602,223,171,244,"1,240"
31/03/2022,Adult,St. Luke's General Hospital Kilkenny,360,163,47,52,622
31/03/2022,Adult,St. Michael's Hospital,632,165,54,36,887
31/03/2022,Adult,St. Vincent's University Hospital,"2,315",552,316,353,"3,536"
31/03/2022,Adult,Tallaght University Hospital,"2,123",448,138,284,"2,993"
31/03/2022,Adult,Tipperary University Hospital,116,10,0,0,126
31/03/2022,Adult,University Hospital Kerry,298,160,87,77,622
31/03/2022,Adult,University Hospital Limerick,"1,259",410,184,181,"2,034"
31/03/2022,Adult,University Hospital Waterford,"2,632",614,317,957,"4,520"
31/03/2022,Adult,Wexford General Hospital,595,282,59,33,969
31/03/2022,Child,Beaumont Hospital,10,11,2,0,23
31/03/2022,Child,Cavan General Hospital,25,2,0,0,27
31/03/2022,Child,Children's Health Ireland,"2,506","1,365",806,"1,144","5,820"
31/03/2022,Child,Cork University Hospital,77,27,10,16,130
31/03/2022,Child,Galway University Hospitals,214,79,46,71,411
31/03/2022,Child,Letterkenny University Hospital,34,20,8,26,88
31/03/2022,Child,Mercy University Hospital,84,19,8,4,115
31/03/2022,Child,Midland Regional Hospital Mullingar,20,14,4,0,38
31/03/2022,Child,Midland Regional Hospital Tullamore,132,8,0,0,140
31/03/2022,Child,National Orthopaedic Hospital Cappagh,238,46,15,22,321
31/03/2022,Child,Nenagh Hospital,18,2,2,2,24
31/03/2022,Child,Our Lady of Lourdes Hospital Drogheda,65,22,8,2,97
31/03/2022,Child,Portiuncula University Hospital,44,5,2,0,51
31/03/2022,Child,Royal Victoria Eye and Ear Hospital,50,6,4,6,66
31/03/2022,Child,Sligo University Hospital,134,21,12,17,184
31/03/2022,Child,Small Volume Hospitals,60,6,2,4,72
31/03/2022,Child,South Infirmary Victoria University Hospital,100,21,4,4,129
31/03/2022,Child,University Hospital Kerry,23,6,0,2,31
31/03/2022,Child,University Hospital Limerick,75,33,12,20,140
31/03/2022,Child,University Hospital Waterford,76,14,4,12,106
28/04/2022,Adult,Bantry General Hospital,116,30,4,6,156
28/04/2022,Adult,Beaumont Hospital,"3,982","1,418",237,105,"5,742"
28/04/2022,Adult,Cavan General Hospital,360,45,0,0,405
28/04/2022,Adult,Connolly Hospital Blanchardstown,"1,030",207,2,0,"1,239"
28/04/2022,Adult,Coombe Women and Infants University Hospital,150,78,22,0,250
28/04/2022,Adult,Cork University Hospital,799,255,142,249,"1,445"
28/04/2022,Adult,Cork University Maternity Hospital,274,67,58,57,456
28/04/2022,Adult,Croom Orthopaedic Hospital,338,118,73,68,597
28/04/2022,Adult,Ennis Hospital,194,38,0,2,234
28/04/2022,Adult,Galway University Hospitals,"4,266","1,909",861,"2,082","9,118"
28/04/2022,Adult,Kilcreene Regional Orthopaedic Hospital,433,15,0,0,448
28/04/2022,Adult,Letterkenny University Hospital,"1,302",412,235,729,"2,678"
28/04/2022,Adult,Louth County Hospital,403,45,17,4,469
28/04/2022,Adult,Mallow General Hospital,123,21,12,20,176
28/04/2022,Adult,Mater Misericordiae University Hospital,"3,679","1,250",391,794,"6,114"
28/04/2022,Adult,Mayo University Hospital,783,221,104,316,"1,424"
28/04/2022,Adult,Mercy University Hospital,646,238,126,183,"1,193"
28/04/2022,Adult,Midland Regional Hospital Mullingar,472,325,99,47,943
28/04/2022,Adult,Midland Regional Hospital Portlaoise,220,106,48,75,449
28/04/2022,Adult,Midland Regional Hospital Tullamore,778,247,130,184,"1,339"
28/04/2022,Adult,Naas General Hospital,203,22,13,12,250
28/04/2022,Adult,National Orthopaedic Hospital Cappagh,"1,353",213,37,23,"1,626"
28/04/2022,Adult,Nenagh Hospital,240,66,22,41,369
28/04/2022,Adult,Our Lady of Lourdes Hospital Drogheda,529,233,57,10,829
28/04/2022,Adult,Our Lady's Hospital Navan,639,172,49,57,917
28/04/2022,Adult,Portiuncula University Hospital,391,100,14,21,526
28/04/2022,Adult,Roscommon University Hospital,440,141,81,110,772
28/04/2022,Adult,Royal Victoria Eye and Ear Hospital,"1,462",162,45,47,"1,716"
28/04/2022,Adult,Sligo University Hospital,"1,917",652,350,357,"3,276"
28/04/2022,Adult,South Infirmary Victoria University Hospital,"1,918",516,218,127,"2,779"
28/04/2022,Adult,St. Columcille's Hospital,611,138,43,26,818
28/04/2022,Adult,St. James's Hospital,"2,549","1,109",545,"1,389","5,592"
28/04/2022,Adult,St. John's Hospital Limerick,599,243,150,233,"1,225"
28/04/2022,Adult,St. Luke's General Hospital Kilkenny,363,160,51,54,628
28/04/2022,Adult,St. Michael's Hospital,635,153,39,27,854
28/04/2022,Adult,St. Vincent's University Hospital,"2,284",592,311,359,"3,546"
28/04/2022,Adult,Tallaght University Hospital,"2,207",478,131,284,"3,100"
28/04/2022,Adult,Tipperary University Hospital,111,12,0,0,123
28/04/2022,Adult,University Hospital Kerry,240,131,74,75,520
28/04/2022,Adult,University Hospital Limerick,"1,172",460,173,181,"1,986"
28/04/2022,Adult,University Hospital Waterford,"2,669",668,310,962,"4,609"
28/04/2022,Adult,Wexford General Hospital,612,310,59,38,"1,019"
28/04/2022,Child,Beaumont Hospital,10,10,6,0,25
28/04/2022,Child,Cavan General Hospital,19,2,0,0,21
28/04/2022,Child,Children's Health Ireland,"2,413","1,418",861,"1,164","5,856"
28/04/2022,Child,Cork University Hospital,73,24,8,18,122
28/04/2022,Child,Galway University Hospitals,198,81,34,74,387
28/04/2022,Child,Letterkenny University Hospital,35,17,8,26,85
28/04/2022,Child,Mercy University Hospital,69,30,18,2,118
28/04/2022,Child,Midland Regional Hospital Mullingar,18,13,4,0,34
28/04/2022,Child,Midland Regional Hospital Tullamore,123,6,0,0,129
28/04/2022,Child,National Orthopaedic Hospital Cappagh,258,42,12,18,330
28/04/2022,Child,Nenagh Hospital,20,4,2,0,25
28/04/2022,Child,Our Lady of Lourdes Hospital Drogheda,55,24,8,4,91
28/04/2022,Child,Portiuncula University Hospital,32,4,0,0,36
28/04/2022,Child,Royal Victoria Eye and Ear Hospital,60,11,2,4,76
28/04/2022,Child,Sligo University Hospital,148,15,6,19,187
28/04/2022,Child,Small Volume Hospitals,62,6,2,4,72
28/04/2022,Child,South Infirmary Victoria University Hospital,95,24,4,6,129
28/04/2022,Child,University Hospital Kerry,25,10,0,2,37
28/04/2022,Child,University Hospital Limerick,67,34,10,14,124
28/04/2022,Child,University Hospital Waterford,77,10,8,11,105
26/05/2022,Adult,Bantry General Hospital,100,33,4,4,141
26/05/2022,Adult,Beaumont Hospital,"3,847","1,521",343,93,"5,804"
26/05/2022,Adult,Cavan General Hospital,355,28,0,0,384
26/05/2022,Adult,Connolly Hospital Blanchardstown,"1,109",249,10,0,"1,368"
26/05/2022,Adult,Coombe Women and Infants University Hospital,171,64,30,2,267
26/05/2022,Adult,Cork University Hospital,859,260,118,245,"1,481"
26/05/2022,Adult,Cork University Maternity Hospital,319,72,54,55,500
26/05/2022,Adult,Croom Orthopaedic Hospital,326,256,51,53,686
26/05/2022,Adult,Ennis Hospital,224,31,2,4,262
26/05/2022,Adult,Galway University Hospitals,"4,502","1,953",796,"2,075","9,326"
26/05/2022,Adult,Kilcreene Regional Orthopaedic Hospital,419,24,0,0,443
26/05/2022,Adult,Letterkenny University Hospital,"1,200",414,174,714,"2,502"
26/05/2022,Adult,Louth County Hospital,427,55,18,4,504
26/05/2022,Adult,Mallow General Hospital,93,22,10,23,148
26/05/2022,Adult,Mater Misericordiae University Hospital,"3,697","1,320",432,794,"6,242"
26/05/2022,Adult,Mayo University Hospital,766,232,85,303,"1,387"
26/05/2022,Adult,Mercy University Hospital,518,222,111,154,"1,005"
26/05/2022,Adult,Midland Regional Hospital Mullingar,470,344,98,41,953
26/05/2022,Adult,Midland Regional Hospital Portlaoise,190,74,39,53,357
26/05/2022,Adult,Midland Regional Hospital Tullamore,648,173,122,139,"1,083"
26/05/2022,Adult,Naas General Hospital,162,20,4,8,194
26/05/2022,Adult,National Orthopaedic Hospital Cappagh,"1,408",242,32,26,"1,708"
26/05/2022,Adult,Nenagh Hospital,250,74,30,9,364
26/05/2022,Adult,Our Lady of Lourdes Hospital Drogheda,510,254,64,18,847
26/05/2022,Adult,Our Lady's Hospital Navan,686,164,41,50,942
26/05/2022,Adult,Portiuncula University Hospital,410,134,21,24,590
26/05/2022,Adult,Roscommon University Hospital,457,171,81,92,801
26/05/2022,Adult,Royal Victoria Eye and Ear Hospital,"1,646",167,34,44,"1,891"
26/05/2022,Adult,Sligo University Hospital,"1,815",691,327,377,"3,211"
26/05/2022,Adult,South Infirmary Victoria University Hospital,"1,988",554,208,143,"2,893"
26/05/2022,Adult,St. Columcille's Hospital,546,118,45,28,738
26/05/2022,Adult,St. James's Hospital,"2,528","1,165",561,"1,435","5,689"
26/05/2022,Adult,St. John's Hospital Limerick,584,229,32,27,871
26/05/2022,Adult,St. Luke's General Hospital Kilkenny,376,149,52,48,626
26/05/2022,Adult,St. Michael's Hospital,664,158,31,22,876
26/05/2022,Adult,St. Vincent's University Hospital,"2,332",585,310,362,"3,588"
26/05/2022,Adult,Tallaght University Hospital,"2,135",357,109,239,"2,840"
26/05/2022,Adult,Tipperary University Hospital,155,33,0,0,189
26/05/2022,Adult,University Hospital Kerry,200,105,74,41,421
26/05/2022,Adult,University Hospital Limerick,"1,219",499,177,156,"2,051"
26/05/2022,Adult,University Hospital Waterford,"2,681",739,295,919,"4,634"
26/05/2022,Adult,Wexford General Hospital,583,299,50,40,973
26/05/2022,Child,Beaumont Hospital,10,9,10,0,28
26/05/2022,Child,Children's Health Ireland,"2,440","1,356",839,"1,070","5,705"
26/05/2022,Child,Cork University Hospital,78,19,14,14,124
26/05/2022,Child,Galway University Hospitals,205,86,36,72,399
26/05/2022,Child,Letterkenny University Hospital,37,18,4,24,83
26/05/2022,Child,Mercy University Hospital,63,27,16,2,107
26/05/2022,Child,Midland Regional Hospital Mullingar,25,11,2,0,38
26/05/2022,Child,Midland Regional Hospital Tullamore,105,13,0,0,118
26/05/2022,Child,National Orthopaedic Hospital Cappagh,240,61,15,18,334
26/05/2022,Child,Nenagh Hospital,20,4,0,0,24
26/05/2022,Child,Our Lady of Lourdes Hospital Drogheda,48,11,4,2,65
26/05/2022,Child,Portiuncula University Hospital,23,6,0,2,31
26/05/2022,Child,Royal Victoria Eye and Ear Hospital,78,11,4,2,94
26/05/2022,Child,Sligo University Hospital,147,27,10,16,199
26/05/2022,Child,Small Volume Hospitals,81,8,2,6,95
26/05/2022,Child,South Infirmary Victoria University Hospital,127,24,6,6,162
26/05/2022,Child,University Hospital Kerry,20,8,0,0,27
26/05/2022,Child,University Hospital Limerick,71,41,10,13,135
26/05/2022,Child,University Hospital Waterford,109,15,8,11,142
30/06/2022,Adult,Bantry General Hospital,81,31,7,0,119
30/06/2022,Adult,Beaumont Hospital,"3,916","1,509",409,84,"5,919"
30/06/2022,Adult,Cavan General Hospital,405,30,2,0,437
30/06/2022,Adult,Connolly Hospital Blanchardstown,"1,229",224,13,0,"1,467"
30/06/2022,Adult,Coombe Women and Infants University Hospital,174,67,29,9,279
30/06/2022,Adult,Cork University Hospital,968,245,134,241,"1,588"
30/06/2022,Adult,Cork University Maternity Hospital,332,69,34,57,492
30/06/2022,Adult,Croom Orthopaedic Hospital,324,178,4,0,506
30/06/2022,Adult,Ennis Hospital,257,35,0,0,292
30/06/2022,Adult,Galway University Hospitals,"4,648","1,866",700,"2,008","9,223"
30/06/2022,Adult,Kilcreene Regional Orthopaedic Hospital,459,36,2,0,497
30/06/2022,Adult,Letterkenny University Hospital,"1,405",406,186,694,"2,691"
30/06/2022,Adult,Louth County Hospital,385,71,12,4,473
30/06/2022,Adult,Mallow General Hospital,98,19,16,20,154
30/06/2022,Adult,Mater Misericordiae University Hospital,"3,566","1,202",417,795,"5,979"
30/06/2022,Adult,Mayo University Hospital,772,223,59,276,"1,331"
30/06/2022,Adult,Mercy University Hospital,526,202,94,69,891
30/06/2022,Adult,Midland Regional Hospital Mullingar,423,350,101,35,910
30/06/2022,Adult,Midland Regional Hospital Portlaoise,244,74,42,50,410
30/06/2022,Adult,Midland Regional Hospital Tullamore,746,178,104,119,"1,147"
30/06/2022,Adult,Naas General Hospital,214,27,7,6,254
30/06/2022,Adult,National Orthopaedic Hospital Cappagh,"1,532",207,25,22,"1,786"
30/06/2022,Adult,Nenagh Hospital,281,34,2,4,321
30/06/2022,Adult,Our Lady of Lourdes Hospital Drogheda,527,245,67,13,853
30/06/2022,Adult,Our Lady's Hospital Navan,735,142,27,32,936
30/06/2022,Adult,Portiuncula University Hospital,428,165,23,15,632
30/06/2022,Adult,Roscommon University Hospital,466,206,76,89,837
30/06/2022,Adult,Royal Victoria Eye and Ear Hospital,"1,910",182,44,32,"2,168"
30/06/2022,Adult,Sligo University Hospital,"1,908",721,256,399,"3,285"
30/06/2022,Adult,South Infirmary Victoria University Hospital,"2,148",528,222,170,"3,069"
30/06/2022,Adult,St. Columcille's Hospital,511,98,58,29,697
30/06/2022,Adult,St. James's Hospital,"2,525","1,061",520,"1,436","5,542"
30/06/2022,Adult,St. John's Hospital Limerick,567,222,10,0,800
30/06/2022,Adult,St. Luke's General Hospital Kilkenny,414,145,54,46,659
30/06/2022,Adult,St. Michael's Hospital,641,171,31,25,869
30/06/2022,Adult,St. Vincent's University Hospital,"2,383",592,299,358,"3,631"
30/06/2022,Adult,Tallaght University Hospital,"1,977",267,91,230,"2,566"
30/06/2022,Adult,Tipperary University Hospital,173,23,0,0,196
30/06/2022,Adult,University Hospital Kerry,193,95,35,29,353
30/06/2022,Adult,University Hospital Limerick,"1,382",600,149,114,"2,245"
30/06/2022,Adult,University Hospital Waterford,"2,872",791,306,876,"4,845"
30/06/2022,Adult,Wexford General Hospital,552,285,83,37,957
30/06/2022,Child,Beaumont Hospital,8,6,10,0,24
30/06/2022,Child,Cavan General Hospital,18,4,0,0,22
30/06/2022,Child,Children's Health Ireland,"2,481","1,377",759,989,"5,607"
30/06/2022,Child,Cork University Hospital,84,20,10,14,128
30/06/2022,Child,Galway University Hospitals,204,84,35,66,389
30/06/2022,Child,Letterkenny University Hospital,45,18,6,19,88
30/06/2022,Child,Mercy University Hospital,52,24,10,7,93
30/06/2022,Child,Midland Regional Hospital Mullingar,22,8,2,0,32
30/06/2022,Child,Midland Regional Hospital Tullamore,176,10,0,0,186
30/06/2022,Child,National Orthopaedic Hospital Cappagh,273,60,16,17,366
30/06/2022,Child,Nenagh Hospital,29,4,0,0,33
30/06/2022,Child,Our Lady of Lourdes Hospital Drogheda,47,12,0,0,59
30/06/2022,Child,Portiuncula University Hospital,28,6,0,2,36
30/06/2022,Child,Royal Victoria Eye and Ear Hospital,72,10,2,2,86
30/06/2022,Child,Sligo University Hospital,182,25,10,11,228
30/06/2022,Child,Small Volume Hospitals,55,8,2,4,69
30/06/2022,Child,South Infirmary Victoria University Hospital,134,25,8,4,171
30/06/2022,Child,University Hospital Kerry,22,4,4,0,30
30/06/2022,Child,University Hospital Limerick,90,40,12,4,146
30/06/2022,Child,University Hospital Waterford,131,25,6,11,173
28/07/2022,Adult,Bantry General Hospital,102,26,7,0,135
28/07/2022,Adult,Beaumont Hospital,"3,753","1,451",423,83,"5,710"
28/07/2022,Adult,Cavan General Hospital,437,28,2,0,467
28/07/2022,Adult,Connolly Hospital Blanchardstown,"1,089",198,15,0,"1,302"
28/07/2022,Adult,Coombe Women and Infants University Hospital,203,63,28,7,301
28/07/2022,Adult,Cork University Hospital,866,270,146,250,"1,532"
28/07/2022,Adult,Cork University Maternity Hospital,359,57,35,51,502
28/07/2022,Adult,Croom Orthopaedic Hospital,351,67,2,4,424
28/07/2022,Adult,Ennis Hospital,289,33,0,2,324
28/07/2022,Adult,Galway University Hospitals,"4,771","1,820",726,"2,030","9,347"
28/07/2022,Adult,Kilcreene Regional Orthopaedic Hospital,441,32,0,0,473
28/07/2022,Adult,Letterkenny University Hospital,"1,418",376,219,665,"2,678"
28/07/2022,Adult,Louth County Hospital,371,88,11,0,470
28/07/2022,Adult,Mallow General Hospital,123,17,14,6,160
28/07/2022,Adult,Mater Misericordiae University Hospital,"3,656","1,260",450,758,"6,124"
28/07/2022,Adult,Mayo University Hospital,738,211,56,269,"1,274"
28/07/2022,Adult,Mercy University Hospital,529,202,122,69,922
28/07/2022,Adult,Midland Regional Hospital Mullingar,441,294,85,29,849
28/07/2022,Adult,Midland Regional Hospital Portlaoise,246,77,44,38,405
28/07/2022,Adult,Midland Regional Hospital Tullamore,860,189,109,129,"1,287"
28/07/2022,Adult,Naas General Hospital,198,27,10,21,256
28/07/2022,Adult,National Orthopaedic Hospital Cappagh,"1,536",227,27,21,"1,811"
28/07/2022,Adult,Nenagh Hospital,341,31,0,6,378
28/07/2022,Adult,Our Lady of Lourdes Hospital Drogheda,499,184,52,23,758
28/07/2022,Adult,Our Lady's Hospital Navan,723,106,20,16,865
28/07/2022,Adult,Portiuncula University Hospital,356,156,36,10,558
28/07/2022,Adult,Roscommon University Hospital,482,209,83,95,869
28/07/2022,Adult,Royal Victoria Eye and Ear Hospital,"1,749",190,47,25,"2,011"
28/07/2022,Adult,Sligo University Hospital,"1,846",733,265,389,"3,233"
28/07/2022,Adult,South Infirmary Victoria University Hospital,"2,233",517,226,188,"3,164"
28/07/2022,Adult,St. Columcille's Hospital,472,80,60,22,634
28/07/2022,Adult,St. James's Hospital,"2,594","1,030",565,"1,349","5,538"
28/07/2022,Adult,St. John's Hospital Limerick,609,157,10,0,776
28/07/2022,Adult,St. Luke's General Hospital Kilkenny,393,122,58,31,604
28/07/2022,Adult,St. Michael's Hospital,636,165,41,23,865
28/07/2022,Adult,St. Vincent's University Hospital,"2,327",495,274,350,"3,446"
28/07/2022,Adult,Tallaght University Hospital,"1,941",276,100,231,"2,548"
28/07/2022,Adult,Tipperary University Hospital,196,31,0,0,227
28/07/2022,Adult,University Hospital Kerry,238,81,47,40,406
28/07/2022,Adult,University Hospital Limerick,"1,456",438,139,91,"2,124"
28/07/2022,Adult,University Hospital Waterford,"2,928",795,297,865,"4,885"
28/07/2022,Adult,Wexford General Hospital,628,244,114,36,"1,022"
28/07/2022,Child,Beaumont Hospital,10,6,12,0,27
28/07/2022,Child,Cavan General Hospital,21,2,0,0,23
28/07/2022,Child,Children's Health Ireland,"2,667","1,267",681,937,"5,552"
28/07/2022,Child,Cork University Hospital,82,17,10,14,122
28/07/2022,Child,Galway University Hospitals,221,77,40,74,411
28/07/2022,Child,Letterkenny University Hospital,45,22,10,21,97
28/07/2022,Child,Mercy University Hospital,59,23,10,7,98
28/07/2022,Child,Midland Regional Hospital Mullingar,22,6,2,0,29
28/07/2022,Child,Midland Regional Hospital Tullamore,201,13,0,0,213
28/07/2022,Child,National Orthopaedic Hospital Cappagh,280,54,20,17,371
28/07/2022,Child,Our Lady of Lourdes Hospital Drogheda,38,13,2,2,56
28/07/2022,Child,Portiuncula University Hospital,27,8,0,2,36
28/07/2022,Child,Royal Victoria Eye and Ear Hospital,63,12,2,2,78
28/07/2022,Child,Sligo University Hospital,175,16,11,11,213
28/07/2022,Child,Small Volume Hospitals,62,12,2,2,76
28/07/2022,Child,South Infirmary Victoria University Hospital,155,27,8,4,193
28/07/2022,Child,University Hospital Kerry,15,6,4,2,26
28/07/2022,Child,University Hospital Limerick,102,25,11,4,142
28/07/2022,Child,University Hospital Waterford,111,27,6,11,154
25/08/2022,Adult,Bantry General Hospital,111,27,8,0,146
25/08/2022,Adult,Beaumont Hospital,"3,593","1,434",405,87,"5,519"
25/08/2022,Adult,Cavan General Hospital,446,49,0,0,495
25/08/2022,Adult,Connolly Hospital Blanchardstown,"1,083",206,10,0,"1,299"
25/08/2022,Adult,Coombe Women and Infants University Hospital,66,39,21,2,128
25/08/2022,Adult,Cork University Hospital,819,317,149,271,"1,557"
25/08/2022,Adult,Cork University Maternity Hospital,370,63,27,47,507
25/08/2022,Adult,Croom Orthopaedic Hospital,304,74,8,7,393
25/08/2022,Adult,Ennis Hospital,275,51,2,0,328
25/08/2022,Adult,Galway University Hospitals,"4,635","1,985",789,"1,982","9,391"
25/08/2022,Adult,Kilcreene Regional Orthopaedic Hospital,489,53,0,0,542
25/08/2022,Adult,Letterkenny University Hospital,"1,461",360,207,619,"2,648"
25/08/2022,Adult,Louth County Hospital,346,88,8,0,443
25/08/2022,Adult,Mallow General Hospital,96,12,12,6,127
25/08/2022,Adult,Mater Misericordiae University Hospital,"3,517","1,236",514,771,"6,038"
25/08/2022,Adult,Mayo University Hospital,689,243,52,248,"1,233"
25/08/2022,Adult,Mercy University Hospital,456,196,88,59,798
25/08/2022,Adult,Midland Regional Hospital Mullingar,431,280,99,30,841
25/08/2022,Adult,Midland Regional Hospital Portlaoise,243,81,52,39,416
25/08/2022,Adult,Midland Regional Hospital Tullamore,881,198,115,133,"1,328"
25/08/2022,Adult,Naas General Hospital,198,38,6,25,267
25/08/2022,Adult,National Orthopaedic Hospital Cappagh,"1,522",295,26,23,"1,866"
25/08/2022,Adult,Nenagh Hospital,326,25,6,10,368
25/08/2022,Adult,Our Lady of Lourdes Hospital Drogheda,479,166,13,0,659
25/08/2022,Adult,Our Lady's Hospital Navan,766,118,16,13,914
25/08/2022,Adult,Portiuncula University Hospital,338,161,40,12,552
25/08/2022,Adult,Roscommon University Hospital,449,257,72,100,878
25/08/2022,Adult,Royal Victoria Eye and Ear Hospital,"1,842",277,53,29,"2,201"
25/08/2022,Adult,Sligo University Hospital,"1,907",732,331,401,"3,372"
25/08/2022,Adult,South Infirmary Victoria University Hospital,"2,017",582,228,205,"3,033"
25/08/2022,Adult,St. Columcille's Hospital,446,85,55,25,612
25/08/2022,Adult,St. James's Hospital,"2,699","1,068",578,"1,356","5,701"
25/08/2022,Adult,St. John's Hospital Limerick,598,180,2,0,781
25/08/2022,Adult,St. Luke's General Hospital Kilkenny,412,134,63,12,621
25/08/2022,Adult,St. Michael's Hospital,684,166,50,22,922
25/08/2022,Adult,St. Vincent's University Hospital,"2,244",507,260,380,"3,391"
25/08/2022,Adult,Tallaght University Hospital,"1,935",300,113,208,"2,557"
25/08/2022,Adult,Tipperary University Hospital,211,14,0,0,225
25/08/2022,Adult,University Hospital Kerry,211,79,44,30,365
25/08/2022,Adult,University Hospital Limerick,"1,507",379,106,48,"2,040"
25/08/2022,Adult,University Hospital Waterford,"2,877",907,319,829,"4,932"
25/08/2022,Adult,Wexford General Hospital,585,246,123,30,985
25/08/2022,Child,Beaumont Hospital,10,11,10,2,33
25/08/2022,Child,Cavan General Hospital,20,4,0,2,26
25/08/2022,Child,Children's Health Ireland,"2,648","1,276",615,924,"5,463"
25/08/2022,Child,Cork University Hospital,86,16,14,13,128
25/08/2022,Child,Galway University Hospitals,222,86,44,78,429
25/08/2022,Child,Letterkenny University Hospital,44,17,8,21,90
25/08/2022,Child,Mercy University Hospital,52,24,4,2,82
25/08/2022,Child,Midland Regional Hospital Mullingar,36,4,4,0,44
25/08/2022,Child,Midland Regional Hospital Tullamore,178,10,0,0,188
25/08/2022,Child,National Orthopaedic Hospital Cappagh,276,54,17,15,362
25/08/2022,Child,Nenagh Hospital,22,0,0,0,22
25/08/2022,Child,Our Lady of Lourdes Hospital Drogheda,32,18,2,0,52
25/08/2022,Child,Portiuncula University Hospital,22,12,0,2,36
25/08/2022,Child,Royal Victoria Eye and Ear Hospital,63,13,2,2,80
25/08/2022,Child,Sligo University Hospital,188,29,15,16,247
25/08/2022,Child,Small Volume Hospitals,54,14,2,2,71
25/08/2022,Child,South Infirmary Victoria University Hospital,160,30,8,4,201
25/08/2022,Child,University Hospital Kerry,19,6,2,0,27
25/08/2022,Child,University Hospital Limerick,92,27,9,4,131
25/08/2022,Child,University Hospital Waterford,108,25,6,11,149
29/09/2022,Adult,Bantry General Hospital,104,29,11,0,144
29/09/2022,Adult,Beaumont Hospital,"3,521","1,327",460,94,"5,401"
29/09/2022,Adult,Cavan General Hospital,456,63,2,0,521
29/09/2022,Adult,Connolly Hospital Blanchardstown,"1,219",236,6,2,"1,463"
29/09/2022,Adult,Coombe Women and Infants University Hospital,105,26,6,2,139
29/09/2022,Adult,Cork University Hospital,821,307,150,273,"1,550"
29/09/2022,Adult,Cork University Maternity Hospital,413,66,26,37,542
29/09/2022,Adult,Croom Orthopaedic Hospital,340,42,6,16,404
29/09/2022,Adult,Ennis Hospital,286,39,2,2,329
29/09/2022,Adult,Galway University Hospitals,"4,850","2,089",842,"2,004","9,784"
29/09/2022,Adult,Kilcreene Regional Orthopaedic Hospital,432,67,0,0,499
29/09/2022,Adult,Letterkenny University Hospital,"1,534",335,232,596,"2,697"
29/09/2022,Adult,Louth County Hospital,366,39,4,0,409
29/09/2022,Adult,Mallow General Hospital,132,17,8,6,163
29/09/2022,Adult,Mater Misericordiae University Hospital,"3,640",884,477,799,"5,799"
29/09/2022,Adult,Mayo University Hospital,702,215,51,199,"1,167"
29/09/2022,Adult,Mercy University Hospital,525,210,74,48,856
29/09/2022,Adult,Midland Regional Hospital Mullingar,385,263,126,36,810
29/09/2022,Adult,Midland Regional Hospital Portlaoise,244,81,51,43,419
29/09/2022,Adult,Midland Regional Hospital Tullamore,856,249,94,143,"1,342"
29/09/2022,Adult,Naas General Hospital,196,49,4,7,256
29/09/2022,Adult,National Orthopaedic Hospital Cappagh,"1,406",314,31,25,"1,776"
29/09/2022,Adult,Nenagh Hospital,324,14,2,0,340
29/09/2022,Adult,Our Lady of Lourdes Hospital Drogheda,482,117,12,2,613
29/09/2022,Adult,Our Lady's Hospital Navan,776,111,17,8,912
29/09/2022,Adult,Portiuncula University Hospital,382,152,36,9,579
29/09/2022,Adult,Roscommon University Hospital,409,155,56,73,693
29/09/2022,Adult,Royal Victoria Eye and Ear Hospital,"1,733",395,50,16,"2,194"
29/09/2022,Adult,Sligo University Hospital,"1,945",743,360,397,"3,445"
29/09/2022,Adult,South Infirmary Victoria University Hospital,"2,069",685,241,234,"3,228"
29/09/2022,Adult,St. Columcille's Hospital,447,97,46,26,616
29/09/2022,Adult,St. James's Hospital,"2,839","1,101",575,"1,225","5,739"
29/09/2022,Adult,St. John's Hospital Limerick,577,203,6,4,790
29/09/2022,Adult,St. Luke's General Hospital Kilkenny,423,141,63,4,631
29/09/2022,Adult,St. Michael's Hospital,732,160,45,23,960
29/09/2022,Adult,St. Vincent's University Hospital,"2,240",462,239,373,"3,313"
29/09/2022,Adult,Tallaght University Hospital,"2,002",293,95,142,"2,532"
29/09/2022,Adult,Tipperary University Hospital,272,13,2,0,287
29/09/2022,Adult,University Hospital Kerry,272,73,21,10,376
29/09/2022,Adult,University Hospital Limerick,"1,613",477,100,29,"2,218"
29/09/2022,Adult,University Hospital Waterford,"2,947",861,329,829,"4,965"
29/09/2022,Adult,Wexford General Hospital,612,229,105,24,970
29/09/2022,Child,Beaumont Hospital,12,8,10,2,32
29/09/2022,Child,Cavan General Hospital,28,4,0,0,32
29/09/2022,Child,Children's Health Ireland,"2,678","1,141",535,805,"5,159"
29/09/2022,Child,Cork University Hospital,111,24,16,13,165
29/09/2022,Child,Galway University Hospitals,194,86,46,78,404
29/09/2022,Child,Letterkenny University Hospital,49,16,10,18,93
29/09/2022,Child,Mercy University Hospital,47,25,2,4,78
29/09/2022,Child,Midland Regional Hospital Mullingar,31,4,2,0,37
29/09/2022,Child,Midland Regional Hospital Tullamore,165,11,0,0,176
29/09/2022,Child,National Orthopaedic Hospital Cappagh,224,71,16,16,327
29/09/2022,Child,Our Lady of Lourdes Hospital Drogheda,27,15,0,2,44
29/09/2022,Child,Portiuncula University Hospital,26,15,0,0,41
29/09/2022,Child,Royal Victoria Eye and Ear Hospital,70,17,2,2,91
29/09/2022,Child,Sligo University Hospital,202,33,13,13,262
29/09/2022,Child,Small Volume Hospitals,61,8,4,2,76
29/09/2022,Child,South Infirmary Victoria University Hospital,161,22,2,2,188
29/09/2022,Child,University Hospital Kerry,21,6,0,0,27
29/09/2022,Child,University Hospital Limerick,98,18,16,4,137
29/09/2022,Child,University Hospital Waterford,89,20,6,9,125
27/10/2022,Adult,Bantry General Hospital,82,25,16,0,123
27/10/2022,Adult,Beaumont Hospital,"3,540","1,234",474,128,"5,375"
27/10/2022,Adult,Cavan General Hospital,433,56,0,0,489
27/10/2022,Adult,Connolly Hospital Blanchardstown,"1,161",238,11,0,"1,410"
27/10/2022,Adult,Coombe Women and Infants University Hospital,138,33,31,10,212
27/10/2022,Adult,Cork University Hospital,826,282,142,254,"1,503"
27/10/2022,Adult,Cork University Maternity Hospital,449,77,19,44,589
27/10/2022,Adult,Croom Orthopaedic Hospital,381,40,4,7,432
27/10/2022,Adult,Ennis Hospital,315,39,2,0,356
27/10/2022,Adult,Galway University Hospitals,"5,249","2,057",850,"2,018","10,173"
27/10/2022,Adult,Kilcreene Regional Orthopaedic Hospital,403,67,2,0,472
27/10/2022,Adult,Letterkenny University Hospital,"1,515",353,210,457,"2,535"
27/10/2022,Adult,Louth County Hospital,350,46,0,0,396
27/10/2022,Adult,Mallow General Hospital,136,13,8,4,161
27/10/2022,Adult,Mater Misericordiae University Hospital,"3,558",870,527,825,"5,779"
27/10/2022,Adult,Mayo University Hospital,691,214,45,190,"1,140"
27/10/2022,Adult,Mercy University Hospital,496,191,89,48,823
27/10/2022,Adult,Midland Regional Hospital Mullingar,401,242,141,56,840
27/10/2022,Adult,Midland Regional Hospital Portlaoise,221,73,49,50,393
27/10/2022,Adult,Midland Regional Hospital Tullamore,903,238,75,117,"1,333"
27/10/2022,Adult,Naas General Hospital,185,61,8,13,267
27/10/2022,Adult,National Orthopaedic Hospital Cappagh,"1,511",311,34,25,"1,881"
27/10/2022,Adult,Nenagh Hospital,328,6,2,0,336
27/10/2022,Adult,Our Lady of Lourdes Hospital Drogheda,513,114,8,0,635
27/10/2022,Adult,Our Lady's Hospital Navan,776,95,22,9,902
27/10/2022,Adult,Portiuncula University Hospital,383,162,33,6,584
27/10/2022,Adult,Roscommon University Hospital,380,127,42,70,619
27/10/2022,Adult,Royal Victoria Eye and Ear Hospital,"1,914",374,52,23,"2,363"
27/10/2022,Adult,Sligo University Hospital,"1,968",702,337,375,"3,382"
27/10/2022,Adult,South Infirmary Victoria University Hospital,"2,253",701,276,230,"3,459"
27/10/2022,Adult,St. Columcille's Hospital,448,114,48,30,640
27/10/2022,Adult,St. James's Hospital,"2,808","1,044",529,"1,175","5,555"
27/10/2022,Adult,St. John's Hospital Limerick,549,162,10,0,721
27/10/2022,Adult,St. Luke's General Hospital Kilkenny,433,138,61,11,643
27/10/2022,Adult,St. Michael's Hospital,742,166,35,10,953
27/10/2022,Adult,St. Vincent's University Hospital,"2,408",441,239,374,"3,461"
27/10/2022,Adult,Tallaght University Hospital,"1,907",302,111,124,"2,444"
27/10/2022,Adult,Tipperary University Hospital,230,19,0,0,249
27/10/2022,Adult,University Hospital Kerry,292,67,8,6,373
27/10/2022,Adult,University Hospital Limerick,"1,688",433,76,36,"2,232"
27/10/2022,Adult,University Hospital Waterford,"2,880",898,364,824,"4,966"
27/10/2022,Adult,Wexford General Hospital,588,204,119,27,938
27/10/2022,Child,Beaumont Hospital,13,6,10,5,34
27/10/2022,Child,Cavan General Hospital,20,2,0,0,22
27/10/2022,Child,Children's Health Ireland,"2,807","1,155",599,799,"5,360"
27/10/2022,Child,Cork University Hospital,108,26,16,14,163
27/10/2022,Child,Galway University Hospitals,199,79,46,72,395
27/10/2022,Child,Letterkenny University Hospital,40,14,14,13,80
27/10/2022,Child,Mercy University Hospital,50,19,2,0,71
27/10/2022,Child,Midland Regional Hospital Mullingar,40,8,2,0,50
27/10/2022,Child,Midland Regional Hospital Tullamore,172,4,0,0,176
27/10/2022,Child,National Orthopaedic Hospital Cappagh,189,87,18,17,311
27/10/2022,Child,Our Lady of Lourdes Hospital Drogheda,39,17,0,0,55
27/10/2022,Child,Portiuncula University Hospital,23,13,0,0,36
27/10/2022,Child,Royal Victoria Eye and Ear Hospital,85,21,2,2,110
27/10/2022,Child,Sligo University Hospital,205,39,10,14,267
27/10/2022,Child,Small Volume Hospitals,62,8,4,2,75
27/10/2022,Child,South Infirmary Victoria University Hospital,176,24,4,2,205
27/10/2022,Child,University Hospital Kerry,23,6,0,0,29
27/10/2022,Child,University Hospital Limerick,114,23,13,4,153
27/10/2022,Child,University Hospital Waterford,125,25,4,8,161
24/11/2022,Adult,Bantry General Hospital,76,33,19,0,128
24/11/2022,Adult,Beaumont Hospital,"3,859","1,248",328,109,"5,543"
24/11/2022,Adult,Cavan General Hospital,398,23,0,0,421
24/11/2022,Adult,Connolly Hospital Blanchardstown,"1,193",259,19,0,"1,471"
24/11/2022,Adult,Coombe Women and Infants University Hospital,157,40,29,13,239
24/11/2022,Adult,Cork University Hospital,805,281,149,240,"1,474"
24/11/2022,Adult,Cork University Maternity Hospital,359,76,23,32,490
24/11/2022,Adult,Croom Orthopaedic Hospital,408,7,2,0,417
24/11/2022,Adult,Ennis Hospital,318,37,0,0,355
24/11/2022,Adult,Galway University Hospitals,"4,976","2,056",826,"1,941","9,798"
24/11/2022,Adult,Kilcreene Regional Orthopaedic Hospital,457,45,2,0,504
24/11/2022,Adult,Letterkenny University Hospital,"1,586",368,214,341,"2,509"
24/11/2022,Adult,Louth County Hospital,398,20,2,0,420
24/11/2022,Adult,Mallow General Hospital,168,12,6,2,188
24/11/2022,Adult,Mater Misericordiae University Hospital,"3,566",829,517,869,"5,780"
24/11/2022,Adult,Mayo University Hospital,635,164,32,112,943
24/11/2022,Adult,Mercy University Hospital,479,186,93,41,798
24/11/2022,Adult,Midland Regional Hospital Mullingar,401,197,131,62,791
24/11/2022,Adult,Midland Regional Hospital Portlaoise,198,92,39,53,382
24/11/2022,Adult,Midland Regional Hospital Tullamore,810,229,45,83,"1,167"
24/11/2022,Adult,Naas General Hospital,189,51,13,14,267
24/11/2022,Adult,National Orthopaedic Hospital Cappagh,"1,565",349,40,26,"1,980"
24/11/2022,Adult,Nenagh Hospital,393,6,0,0,399
24/11/2022,Adult,Our Lady of Lourdes Hospital Drogheda,551,121,7,0,679
24/11/2022,Adult,Our Lady's Hospital Navan,866,98,18,4,986
24/11/2022,Adult,Portiuncula University Hospital,394,155,36,2,587
24/11/2022,Adult,Roscommon University Hospital,387,131,31,57,606
24/11/2022,Adult,Royal Victoria Eye and Ear Hospital,"1,905",505,64,36,"2,510"
24/11/2022,Adult,Sligo University Hospital,"1,907",681,356,324,"3,268"
24/11/2022,Adult,South Infirmary Victoria University Hospital,"2,349",736,283,238,"3,605"
24/11/2022,Adult,St. Columcille's Hospital,373,106,36,41,556
24/11/2022,Adult,St. James's Hospital,"3,036","1,121",515,"1,138","5,809"
24/11/2022,Adult,St. John's Hospital Limerick,555,119,6,2,682
24/11/2022,Adult,St. Luke's General Hospital Kilkenny,418,145,63,16,642
24/11/2022,Adult,St. Michael's Hospital,703,158,23,9,893
24/11/2022,Adult,St. Vincent's University Hospital,"2,413",466,233,378,"3,489"
24/11/2022,Adult,Tallaght University Hospital,"1,857",336,100,148,"2,441"
24/11/2022,Adult,Tipperary University Hospital,257,23,0,0,280
24/11/2022,Adult,University Hospital Kerry,287,38,9,2,336
24/11/2022,Adult,University Hospital Limerick,"1,714",490,68,15,"2,286"
24/11/2022,Adult,University Hospital Waterford,"2,891",924,389,841,"5,044"
24/11/2022,Adult,Wexford General Hospital,576,204,135,15,930
24/11/2022,Child,Beaumont Hospital,32,8,4,5,48
24/11/2022,Child,Children's Health Ireland,"2,892","1,326",648,861,"5,728"
24/11/2022,Child,Cork University Hospital,115,22,15,19,170
24/11/2022,Child,Galway University Hospitals,215,83,56,72,426
24/11/2022,Child,Letterkenny University Hospital,44,15,13,8,80
24/11/2022,Child,Mercy University Hospital,28,16,2,0,45
24/11/2022,Child,Midland Regional Hospital Mullingar,41,6,4,0,50
24/11/2022,Child,Midland Regional Hospital Tullamore,133,16,0,0,149
24/11/2022,Child,National Orthopaedic Hospital Cappagh,175,89,19,16,299
24/11/2022,Child,Our Lady of Lourdes Hospital Drogheda,50,28,0,0,77
24/11/2022,Child,Portiuncula University Hospital,41,4,4,0,48
24/11/2022,Child,Royal Victoria Eye and Ear Hospital,87,29,0,2,117
24/11/2022,Child,Sligo University Hospital,183,49,13,13,258
24/11/2022,Child,Small Volume Hospitals,82,10,0,2,93
24/11/2022,Child,South Infirmary Victoria University Hospital,164,27,6,2,200
24/11/2022,Child,University Hospital Kerry,26,4,0,0,30
24/11/2022,Child,University Hospital Limerick,122,21,11,2,156
24/11/2022,Child,University Hospital Waterford,120,34,6,10,169
22/12/2022,Adult,Bantry General Hospital,90,31,23,2,146
22/12/2022,Adult,Beaumont Hospital,"4,185","1,300",67,0,"5,552"
22/12/2022,Adult,Cavan General Hospital,276,0,0,0,276
22/12/2022,Adult,Connolly Hospital Blanchardstown,"1,271",191,0,0,"1,462"
22/12/2022,Adult,Coombe Women and Infants University Hospital,124,34,6,5,169
22/12/2022,Adult,Cork University Hospital,788,279,148,231,"1,447"
22/12/2022,Adult,Cork University Maternity Hospital,430,73,16,34,553
22/12/2022,Adult,Croom Orthopaedic Hospital,223,0,0,0,223
22/12/2022,Adult,Ennis Hospital,267,19,0,0,286
22/12/2022,Adult,Galway University Hospitals,"4,952","2,086",796,"1,875","9,710"
22/12/2022,Adult,Kilcreene Regional Orthopaedic Hospital,476,59,2,0,537
22/12/2022,Adult,Letterkenny University Hospital,"1,409",276,223,306,"2,214"
22/12/2022,Adult,Louth County Hospital,392,2,0,0,394
22/12/2022,Adult,Mallow General Hospital,179,16,6,0,201
22/12/2022,Adult,Mater Misericordiae University Hospital,"3,615",851,523,925,"5,914"
22/12/2022,Adult,Mayo University Hospital,632,141,26,94,893
22/12/2022,Adult,Mercy University Hospital,492,179,77,40,789
22/12/2022,Adult,Midland Regional Hospital Mullingar,415,124,51,14,604
22/12/2022,Adult,Midland Regional Hospital Portlaoise,173,81,23,39,316
22/12/2022,Adult,Midland Regional Hospital Tullamore,854,289,49,60,"1,252"
22/12/2022,Adult,Naas General Hospital,193,53,2,4,252
22/12/2022,Adult,National Orthopaedic Hospital Cappagh,"1,545",346,51,18,"1,960"
22/12/2022,Adult,Nenagh Hospital,462,4,0,0,466
22/12/2022,Adult,Our Lady of Lourdes Hospital Drogheda,531,161,0,0,692
22/12/2022,Adult,Our Lady's Hospital Navan,881,78,0,0,959
22/12/2022,Adult,Portiuncula University Hospital,501,138,20,2,662
22/12/2022,Adult,Roscommon University Hospital,362,147,36,59,604
22/12/2022,Adult,Royal Victoria Eye and Ear Hospital,"1,954",448,67,35,"2,504"
22/12/2022,Adult,Sligo University Hospital,"1,862",759,322,310,"3,253"
22/12/2022,Adult,South Infirmary Victoria University Hospital,"2,323",785,267,267,"3,643"
22/12/2022,Adult,St. Columcille's Hospital,372,122,27,38,559
22/12/2022,Adult,St. James's Hospital,"3,243","1,128",513,"1,107","5,992"
22/12/2022,Adult,St. John's Hospital Limerick,655,79,0,0,734
22/12/2022,Adult,St. Luke's General Hospital Kilkenny,490,175,64,22,751
22/12/2022,Adult,St. Michael's Hospital,748,159,14,8,930
22/12/2022,Adult,St. Vincent's University Hospital,"2,536",530,196,387,"3,650"
22/12/2022,Adult,Tallaght University Hospital,"2,200",340,96,132,"2,769"
22/12/2022,Adult,Tipperary University Hospital,262,32,2,0,296
22/12/2022,Adult,University Hospital Kerry,246,36,0,0,283
22/12/2022,Adult,University Hospital Limerick,"1,841",589,0,0,"2,431"
22/12/2022,Adult,University Hospital Waterford,"3,092",988,433,868,"5,382"
22/12/2022,Adult,Wexford General Hospital,548,177,141,28,894
22/12/2022,Child,Beaumont Hospital,29,4,0,0,33
22/12/2022,Child,Children's Health Ireland,"3,502","1,362",742,872,"6,477"
22/12/2022,Child,Cork University Hospital,97,27,14,19,156
22/12/2022,Child,Galway University Hospitals,259,83,43,73,457
22/12/2022,Child,Letterkenny University Hospital,37,17,12,8,73
22/12/2022,Child,Mercy University Hospital,60,9,7,0,76
22/12/2022,Child,Midland Regional Hospital Mullingar,38,9,0,0,47
22/12/2022,Child,Midland Regional Hospital Tullamore,123,34,0,0,157
22/12/2022,Child,National Orthopaedic Hospital Cappagh,181,87,17,16,301
22/12/2022,Child,Our Lady of Lourdes Hospital Drogheda,42,10,0,0,52
22/12/2022,Child,Portiuncula University Hospital,38,6,2,0,46
22/12/2022,Child,Royal Victoria Eye and Ear Hospital,96,20,0,2,118
22/12/2022,Child,Sligo University Hospital,198,37,15,8,257
22/12/2022,Child,Small Volume Hospitals,70,6,0,0,75
22/12/2022,Child,South Infirmary Victoria University Hospital,154,30,6,2,191
22/12/2022,Child,University Hospital Kerry,26,7,0,0,33
22/12/2022,Child,University Hospital Limerick,181,25,0,0,206
22/12/2022,Child,University Hospital Waterford,147,35,14,8,203
