ArchiveDate,Adult_Child,Speciality,0-6 Months,6-12 Months,12-18 Months,18 Months +,Total
27/01/2022,Adult,Anaesthetics,54,61,23,172,310
27/01/2022,Adult,Breast Surgery,"2,653",652,137,92,"3,534"
27/01/2022,Adult,Cardio-Thoracic Surgery,290,42,27,21,380
27/01/2022,Adult,Cardiology,"15,981","8,062","4,618","5,386","34,047"
27/01/2022,Adult,Chemical Pathology,72,32,12,2,118
27/01/2022,Adult,Clinical (Medical) Genetics,897,806,480,12,"2,195"
27/01/2022,Adult,Clinical Immunology,925,276,62,33,"1,296"
27/01/2022,Adult,Clinical Neurophysiology,852,437,326,519,"2,134"
27/01/2022,Adult,Dermatology,"18,417","8,703","3,675","8,522","39,317"
27/01/2022,Adult,Diabetes Mellitus,861,449,319,294,"1,923"
27/01/2022,Adult,Endocrinology,"6,121","3,778","2,081","5,245","17,225"
27/01/2022,Adult,Gastro-Enterology,"9,285","3,091","1,589","2,045","16,010"
27/01/2022,Adult,Gastro-Intestinal Surgery,421,191,40,52,704
27/01/2022,Adult,General Medicine,"9,265","4,212","2,770","3,407","19,654"
27/01/2022,Adult,General Surgery,"26,728","8,320","4,550","4,402","44,000"
27/01/2022,Adult,Geriatric Medicine,"3,144",297,142,160,"3,743"
27/01/2022,Adult,Gynaecology,"16,831","7,326","2,502","3,566","30,225"
27/01/2022,Adult,Haematology,"4,680","1,446",747,"1,221","8,094"
27/01/2022,Adult,Hepato-Biliary Surgery,98,24,12,10,144
27/01/2022,Adult,Infectious Diseases,488,40,2,2,532
27/01/2022,Adult,Maxillo-Facial,"1,329",722,567,"2,721","5,339"
27/01/2022,Adult,Metabolic Medicine,57,32,39,57,185
27/01/2022,Adult,Microbiology,46,19,2,2,69
27/01/2022,Adult,Nephrology,"1,724",511,379,651,"3,265"
27/01/2022,Adult,Neurology,"7,872","4,842","3,373","7,587","23,674"
27/01/2022,Adult,Neurosurgery,"3,042","1,231",703,"1,801","6,777"
27/01/2022,Adult,Oncology,539,16,4,2,562
27/01/2022,Adult,Ophthalmology,"14,539","7,877","4,200","12,379","38,995"
27/01/2022,Adult,Oral Surgery,534,412,301,"1,570","2,817"
27/01/2022,Adult,Orthopaedics,"27,252","17,263","10,591","13,966","69,072"
27/01/2022,Adult,Otolaryngology (ENT),"15,361","8,637","5,771","20,712","50,481"
27/01/2022,Adult,Paed Cardiology,4,14,11,8,37
27/01/2022,Adult,Paediatric ENT,9,4,4,2,20
27/01/2022,Adult,Paediatric Neurology,2,4,4,22,33
27/01/2022,Adult,Paediatrics,82,49,14,14,159
27/01/2022,Adult,Pain Relief,"4,286","2,546","1,615","5,631","14,078"
27/01/2022,Adult,Pathology,64,28,24,52,168
27/01/2022,Adult,Plastic Surgery,"6,901","3,462","1,880","5,229","17,472"
27/01/2022,Adult,Psychiatry,468,19,10,5,502
27/01/2022,Adult,Radiology,20,0,0,0,20
27/01/2022,Adult,Radiotherapy,60,0,0,0,60
27/01/2022,Adult,Respiratory Medicine,"7,822","3,517","2,232","5,365","18,936"
27/01/2022,Adult,Rheumatology,"6,732","3,206","2,120","5,246","17,304"
27/01/2022,Adult,Small Volume Specialities,77,15,11,23,126
27/01/2022,Adult,Urology,"11,207","5,781","3,441","9,017","29,446"
27/01/2022,Adult,Vascular Surgery,"6,368","3,288","2,002","3,755","15,413"
27/01/2022,Child,Cardio-Thoracic Surgery,56,18,2,2,78
27/01/2022,Child,Cardiology,34,14,11,15,74
27/01/2022,Child,Child/Adolescent Psychiatry,0,7,14,2,23
27/01/2022,Child,Clinical (Medical) Genetics,406,322,263,940,"1,931"
27/01/2022,Child,Clinical Immunology,213,87,133,793,"1,226"
27/01/2022,Child,Dental Surgery,163,66,61,260,550
27/01/2022,Child,Dermatology,"1,430",806,421,912,"3,569"
27/01/2022,Child,Developmental Paediatrics,234,129,48,245,656
27/01/2022,Child,Endocrinology,14,4,2,2,22
27/01/2022,Child,Gastro-Enterology,19,4,2,0,25
27/01/2022,Child,General Medicine,28,7,4,2,41
27/01/2022,Child,General Surgery,815,457,241,275,"1,788"
27/01/2022,Child,Gynaecology,364,162,80,19,625
27/01/2022,Child,Haematology,59,7,2,0,68
27/01/2022,Child,Immunology,152,36,24,291,503
27/01/2022,Child,Maxillo-Facial,167,39,43,127,376
27/01/2022,Child,Neurology,37,8,4,2,51
27/01/2022,Child,Ophthalmology,"2,034",846,631,"2,275","5,786"
27/01/2022,Child,Oral Surgery,88,35,28,64,215
27/01/2022,Child,Orthopaedics,"1,375",706,339,502,"2,922"
27/01/2022,Child,Otolaryngology (ENT),"2,897","1,496",994,"5,550","10,937"
27/01/2022,Child,Paed Cardiology,"1,760","1,174",498,185,"3,617"
27/01/2022,Child,Paed Endocrinology,425,241,84,82,832
27/01/2022,Child,Paed Gastro-Enterol,487,87,54,124,752
27/01/2022,Child,Paed Haematology,212,49,19,21,301
27/01/2022,Child,Paed Metabolic Medicine,55,2,0,39,96
27/01/2022,Child,Paed Nephrology,326,123,41,51,541
27/01/2022,Child,Paed Orthopaedic,"1,642",988,560,938,"4,128"
27/01/2022,Child,Paediatric Dermatology,"1,562",966,494,"2,649","5,671"
27/01/2022,Child,Paediatric ENT,"1,534",889,631,"2,781","5,835"
27/01/2022,Child,Paediatric Infectious Diseases,88,19,11,37,155
27/01/2022,Child,Paediatric Neurology,722,223,102,181,"1,228"
27/01/2022,Child,Paediatric Neurosurgery,44,7,2,2,55
27/01/2022,Child,Paediatric Respiratory Medicine,565,261,137,907,"1,870"
27/01/2022,Child,Paediatric Surgery,"2,124","1,357",707,794,"4,982"
27/01/2022,Child,Paediatric Urology,362,260,192,421,"1,235"
27/01/2022,Child,Paediatrics,"10,348","3,510","1,096",659,"15,613"
27/01/2022,Child,Pain Relief,25,7,2,2,36
27/01/2022,Child,Plastic Surgery,879,484,252,531,"2,146"
27/01/2022,Child,Rheumatology,245,200,152,798,"1,395"
27/01/2022,Child,Small Volume Specialities,62,21,15,19,118
27/01/2022,Child,Urology,920,556,386,984,"2,846"
24/02/2022,Adult,Anaesthetics,61,57,26,176,320
24/02/2022,Adult,Breast Surgery,"2,464",583,174,101,"3,322"
24/02/2022,Adult,Cardio-Thoracic Surgery,262,36,21,22,341
24/02/2022,Adult,Cardiology,"16,618","7,895","4,247","5,199","33,959"
24/02/2022,Adult,Chemical Pathology,59,42,10,2,113
24/02/2022,Adult,Clinical (Medical) Genetics,933,775,552,2,"2,262"
24/02/2022,Adult,Clinical Immunology,995,264,40,30,"1,329"
24/02/2022,Adult,Clinical Neurophysiology,886,447,313,474,"2,120"
24/02/2022,Adult,Dermatology,"18,409","8,797","3,532","8,586","39,324"
24/02/2022,Adult,Diabetes Mellitus,858,493,299,289,"1,939"
24/02/2022,Adult,Endocrinology,"6,179","3,855","2,066","5,075","17,175"
24/02/2022,Adult,Gastro-Enterology,"9,552","3,091","1,564","2,049","16,256"
24/02/2022,Adult,Gastro-Intestinal Surgery,425,178,41,48,692
24/02/2022,Adult,General Medicine,"9,629","4,397","2,571","3,375","19,972"
24/02/2022,Adult,General Surgery,"27,091","8,493","4,417","4,400","44,401"
24/02/2022,Adult,Geriatric Medicine,"3,144",334,123,170,"3,771"
24/02/2022,Adult,Gynaecology,"16,833","7,528","2,476","3,553","30,390"
24/02/2022,Adult,Haematology,"4,734","1,492",726,"1,235","8,187"
24/02/2022,Adult,Hepato-Biliary Surgery,125,29,10,11,175
24/02/2022,Adult,Infectious Diseases,527,40,2,2,571
24/02/2022,Adult,Maxillo-Facial,"1,333",728,520,"2,647","5,228"
24/02/2022,Adult,Metabolic Medicine,63,26,37,62,188
24/02/2022,Adult,Microbiology,42,4,2,0,48
24/02/2022,Adult,Nephrology,"1,733",504,393,716,"3,346"
24/02/2022,Adult,Neurology,"8,119","4,781","3,370","7,545","23,815"
24/02/2022,Adult,Neurosurgery,"3,034","1,286",737,"1,879","6,936"
24/02/2022,Adult,Oncology,544,18,4,2,568
24/02/2022,Adult,Ophthalmology,"14,792","7,644","4,133","12,083","38,652"
24/02/2022,Adult,Oral Surgery,553,394,309,"1,542","2,798"
24/02/2022,Adult,Orthopaedics,"27,866","17,927","10,126","13,073","68,992"
24/02/2022,Adult,Otolaryngology (ENT),"16,108","8,872","5,698","19,901","50,579"
24/02/2022,Adult,Paed Cardiology,15,8,12,7,42
24/02/2022,Adult,Paediatric Neurology,2,4,4,14,24
24/02/2022,Adult,Paediatrics,89,43,19,12,163
24/02/2022,Adult,Pain Relief,"4,473","2,591","1,575","5,499","14,138"
24/02/2022,Adult,Palliative Medicine,18,0,2,0,20
24/02/2022,Adult,Pathology,64,36,24,47,171
24/02/2022,Adult,Plastic Surgery,"6,864","3,692","1,762","5,239","17,557"
24/02/2022,Adult,Psychiatry,486,22,9,8,525
24/02/2022,Adult,Radiology,26,0,0,0,26
24/02/2022,Adult,Radiotherapy,54,0,0,0,54
24/02/2022,Adult,Respiratory Medicine,"8,233","3,521","2,108","5,283","19,145"
24/02/2022,Adult,Rheumatology,"6,862","3,216","1,935","5,071","17,084"
24/02/2022,Adult,Small Volume Specialities,55,21,14,20,110
24/02/2022,Adult,Urology,"11,419","5,949","3,275","8,543","29,186"
24/02/2022,Adult,Vascular Surgery,"6,181","3,382","1,682","3,442","14,687"
24/02/2022,Child,Cardio-Thoracic Surgery,47,28,4,2,80
24/02/2022,Child,Cardiology,38,14,13,16,81
24/02/2022,Child,Child/Adolescent Psychiatry,0,7,13,2,22
24/02/2022,Child,Clinical (Medical) Genetics,404,302,268,909,"1,883"
24/02/2022,Child,Clinical Immunology,223,87,128,710,"1,148"
24/02/2022,Child,Dental Surgery,161,67,48,265,541
24/02/2022,Child,Dermatology,"1,442",840,371,908,"3,561"
24/02/2022,Child,Developmental Paediatrics,219,134,55,229,637
24/02/2022,Child,Gastro-Enterology,19,4,2,0,24
24/02/2022,Child,General Medicine,30,9,2,2,42
24/02/2022,Child,General Surgery,841,460,240,277,"1,818"
24/02/2022,Child,Gynaecology,387,145,67,14,613
24/02/2022,Child,Haematology,62,9,0,0,71
24/02/2022,Child,Immunology,158,34,24,282,498
24/02/2022,Child,Maxillo-Facial,170,40,43,112,365
24/02/2022,Child,Neurology,32,4,4,2,41
24/02/2022,Child,Ophthalmology,"2,131",824,585,"2,197","5,737"
24/02/2022,Child,Oral Surgery,110,33,21,63,227
24/02/2022,Child,Orthopaedics,"1,374",740,322,497,"2,933"
24/02/2022,Child,Otolaryngology (ENT),"3,342","1,610","1,030","5,364","11,346"
24/02/2022,Child,Paed Cardiology,"1,899","1,172",571,165,"3,807"
24/02/2022,Child,Paed Endocrinology,422,231,101,80,834
24/02/2022,Child,Paed Gastro-Enterol,453,94,47,106,700
24/02/2022,Child,Paed Haematology,191,56,24,23,294
24/02/2022,Child,Paed Metabolic Medicine,45,2,0,0,47
24/02/2022,Child,Paed Nephrology,313,129,33,52,527
24/02/2022,Child,Paed Orthopaedic,"1,632","1,052",525,978,"4,187"
24/02/2022,Child,Paediatric Dermatology,"1,649","1,013",489,"2,655","5,806"
24/02/2022,Child,Paediatric ENT,"1,464",789,588,"2,566","5,407"
24/02/2022,Child,Paediatric Infectious Diseases,74,22,12,36,144
24/02/2022,Child,Paediatric Neurology,744,224,105,170,"1,243"
24/02/2022,Child,Paediatric Neurosurgery,39,11,2,2,53
24/02/2022,Child,Paediatric Respiratory Medicine,617,249,171,887,"1,924"
24/02/2022,Child,Paediatric Surgery,"2,265","1,348",747,806,"5,166"
24/02/2022,Child,Paediatric Urology,382,256,178,430,"1,246"
24/02/2022,Child,Paediatrics,"11,134","3,624","1,027",623,"16,408"
24/02/2022,Child,Pain Relief,16,2,4,2,23
24/02/2022,Child,Plastic Surgery,899,475,244,513,"2,131"
24/02/2022,Child,Rheumatology,235,183,158,788,"1,364"
24/02/2022,Child,Small Volume Specialities,67,26,9,20,122
24/02/2022,Child,Urology,926,586,373,949,"2,834"
24/02/2022,Child,Vascular Surgery,16,4,0,2,21
31/03/2022,Adult,Anaesthetics,59,56,25,178,318
31/03/2022,Adult,Audiological Medicine,29,0,2,2,33
31/03/2022,Adult,Breast Surgery,"2,123",430,194,134,"2,881"
31/03/2022,Adult,Cardio-Thoracic Surgery,230,30,27,23,310
31/03/2022,Adult,Cardiology,"16,453","8,297","4,073","4,993","33,816"
31/03/2022,Adult,Chemical Pathology,48,50,12,2,112
31/03/2022,Adult,Clinical (Medical) Genetics,940,782,664,15,"2,401"
31/03/2022,Adult,Clinical Immunology,"1,126",278,24,23,"1,451"
31/03/2022,Adult,Clinical Neurophysiology,908,457,320,465,"2,150"
31/03/2022,Adult,Dermatology,"18,468","8,952","3,449","8,413","39,282"
31/03/2022,Adult,Diabetes Mellitus,859,507,250,307,"1,923"
31/03/2022,Adult,Endocrinology,"6,607","3,905","2,100","5,079","17,691"
31/03/2022,Adult,Gastro-Enterology,"9,456","3,293","1,470","2,177","16,396"
31/03/2022,Adult,Gastro-Intestinal Surgery,429,210,44,57,740
31/03/2022,Adult,General Medicine,"9,706","4,581","2,518","3,409","20,214"
31/03/2022,Adult,General Surgery,"26,256","8,601","4,367","4,530","43,754"
31/03/2022,Adult,Geriatric Medicine,"3,127",331,101,168,"3,727"
31/03/2022,Adult,Gynaecology,"16,841","7,586","2,530","3,296","30,253"
31/03/2022,Adult,Haematology,"4,710","1,563",756,"1,246","8,275"
31/03/2022,Adult,Hepato-Biliary Surgery,82,27,13,10,132
31/03/2022,Adult,Infectious Diseases,572,61,2,2,637
31/03/2022,Adult,Maxillo-Facial,"1,380",719,522,"2,501","5,122"
31/03/2022,Adult,Metabolic Medicine,80,33,32,61,206
31/03/2022,Adult,Microbiology,50,4,2,0,56
31/03/2022,Adult,Nephrology,"1,833",502,403,679,"3,417"
31/03/2022,Adult,Neurology,"7,861","4,945","3,330","7,603","23,739"
31/03/2022,Adult,Neurosurgery,"3,071","1,353",781,"2,016","7,221"
31/03/2022,Adult,Oncology,518,24,2,2,546
31/03/2022,Adult,Ophthalmology,"14,590","7,626","4,183","12,112","38,511"
31/03/2022,Adult,Oral Surgery,511,390,315,"1,443","2,659"
31/03/2022,Adult,Orthopaedics,"28,225","18,388","9,909","12,265","68,787"
31/03/2022,Adult,Otolaryngology (ENT),"16,176","8,768","5,587","19,283","49,814"
31/03/2022,Adult,Paed Cardiology,12,11,10,10,43
31/03/2022,Adult,Paediatric Neurology,7,4,4,15,30
31/03/2022,Adult,Paediatrics,78,42,19,14,153
31/03/2022,Adult,Pain Relief,"4,454","2,696","1,566","5,340","14,056"
31/03/2022,Adult,Palliative Medicine,23,0,0,0,23
31/03/2022,Adult,Pathology,65,35,21,43,164
31/03/2022,Adult,Plastic Surgery,"6,748","4,016","1,711","5,315","17,790"
31/03/2022,Adult,Psychiatry,485,33,4,10,532
31/03/2022,Adult,Radiology,22,0,0,0,22
31/03/2022,Adult,Radiotherapy,59,0,0,0,59
31/03/2022,Adult,Respiratory Medicine,"8,197","3,670","1,892","4,873","18,632"
31/03/2022,Adult,Rheumatology,"6,683","3,239","1,834","4,879","16,635"
31/03/2022,Adult,Small Volume Specialities,40,28,15,14,97
31/03/2022,Adult,Urology,"11,483","6,005","3,183","8,528","29,199"
31/03/2022,Adult,Vascular Surgery,"5,895","3,615","1,552","3,536","14,598"
31/03/2022,Child,Breast Surgery,19,2,0,0,21
31/03/2022,Child,Cardio-Thoracic Surgery,40,25,2,2,68
31/03/2022,Child,Cardiology,40,17,12,19,88
31/03/2022,Child,Child/Adolescent Psychiatry,0,38,25,27,90
31/03/2022,Child,Clinical (Medical) Genetics,399,292,287,878,"1,856"
31/03/2022,Child,Clinical Immunology,247,87,122,646,"1,102"
31/03/2022,Child,Dental Surgery,157,64,46,266,533
31/03/2022,Child,Dermatology,"1,370",860,365,899,"3,494"
31/03/2022,Child,Developmental Paediatrics,208,133,67,219,627
31/03/2022,Child,Gastro-Enterology,18,3,3,0,25
31/03/2022,Child,General Medicine,31,3,2,2,38
31/03/2022,Child,General Surgery,797,447,232,306,"1,782"
31/03/2022,Child,Gynaecology,402,160,51,12,625
31/03/2022,Child,Haematology,67,10,0,0,77
31/03/2022,Child,Immunology,159,32,22,272,485
31/03/2022,Child,Maxillo-Facial,168,51,38,106,363
31/03/2022,Child,Neurology,31,9,2,2,43
31/03/2022,Child,Ophthalmology,"2,149",773,569,"2,081","5,572"
31/03/2022,Child,Oral Surgery,111,38,19,52,220
31/03/2022,Child,Orthopaedics,"1,428",716,340,488,"2,972"
31/03/2022,Child,Otolaryngology (ENT),"3,309","1,588",924,"4,998","10,819"
31/03/2022,Child,Paed Cardiology,"1,929","1,175",655,153,"3,912"
31/03/2022,Child,Paed Endocrinology,427,233,112,73,845
31/03/2022,Child,Paed Gastro-Enterol,473,100,35,99,707
31/03/2022,Child,Paed Haematology,187,52,25,25,289
31/03/2022,Child,Paed Metabolic Medicine,52,2,0,2,55
31/03/2022,Child,Paed Nephrology,305,118,36,63,522
31/03/2022,Child,Paed Orthopaedic,"1,669","1,099",554,959,"4,281"
31/03/2022,Child,Paediatric Dermatology,"1,723","1,046",529,"2,600","5,898"
31/03/2022,Child,Paediatric ENT,"1,832",900,607,"2,193","5,532"
31/03/2022,Child,Paediatric Infectious Diseases,74,25,17,38,154
31/03/2022,Child,Paediatric Neurology,756,216,103,171,"1,246"
31/03/2022,Child,Paediatric Neurosurgery,58,8,2,2,69
31/03/2022,Child,Paediatric Respiratory Medicine,612,305,169,900,"1,986"
31/03/2022,Child,Paediatric Surgery,"2,226","1,315",802,840,"5,183"
31/03/2022,Child,Paediatric Urology,425,265,182,413,"1,285"
31/03/2022,Child,Paediatrics,"11,567","3,858","1,050",613,"17,088"
31/03/2022,Child,Pain Relief,24,8,3,2,37
31/03/2022,Child,Plastic Surgery,864,529,250,486,"2,129"
31/03/2022,Child,Rheumatology,260,159,175,761,"1,355"
31/03/2022,Child,Small Volume Specialities,42,22,7,19,90
31/03/2022,Child,Urology,901,611,388,959,"2,859"
31/03/2022,Child,Vascular Surgery,20,2,2,2,25
28/04/2022,Adult,Anaesthetics,56,58,23,180,317
28/04/2022,Adult,Audiological Medicine,47,0,2,2,52
28/04/2022,Adult,Breast Surgery,"2,504",139,11,13,"2,667"
28/04/2022,Adult,Cardio-Thoracic Surgery,257,28,28,21,334
28/04/2022,Adult,Cardiology,"16,603","8,353","3,891","4,217","33,064"
28/04/2022,Adult,Chemical Pathology,48,51,15,0,114
28/04/2022,Adult,Clinical (Medical) Genetics,989,792,720,23,"2,524"
28/04/2022,Adult,Clinical Immunology,"1,107",311,17,19,"1,454"
28/04/2022,Adult,Clinical Neurophysiology,923,464,294,474,"2,155"
28/04/2022,Adult,Dermatology,"19,037","8,934","3,386","8,272","39,629"
28/04/2022,Adult,Diabetes Mellitus,878,489,275,287,"1,929"
28/04/2022,Adult,Endocrinology,"6,767","3,803","2,179","5,160","17,909"
28/04/2022,Adult,Gastro-Enterology,"9,438","3,225","1,524","2,214","16,401"
28/04/2022,Adult,Gastro-Intestinal Surgery,448,227,56,57,788
28/04/2022,Adult,General Medicine,"10,025","4,816","2,496","3,402","20,739"
28/04/2022,Adult,General Surgery,"25,827","8,529","4,260","4,582","43,198"
28/04/2022,Adult,Geriatric Medicine,"3,157",349,92,161,"3,759"
28/04/2022,Adult,Gynaecology,"16,980","7,420","2,490","3,191","30,081"
28/04/2022,Adult,Haematology,"4,700","1,556",747,"1,308","8,311"
28/04/2022,Adult,Hepato-Biliary Surgery,74,21,17,11,123
28/04/2022,Adult,Infectious Diseases,605,62,2,2,671
28/04/2022,Adult,Maxillo-Facial,"1,387",705,492,"2,343","4,927"
28/04/2022,Adult,Metabolic Medicine,79,35,22,59,195
28/04/2022,Adult,Microbiology,37,4,4,0,46
28/04/2022,Adult,Nephrology,"1,905",511,411,659,"3,486"
28/04/2022,Adult,Neurology,"8,194","4,979","3,270","7,671","24,114"
28/04/2022,Adult,Neurosurgery,"3,154","1,434",801,"2,070","7,459"
28/04/2022,Adult,Oncology,606,22,2,0,630
28/04/2022,Adult,Ophthalmology,"14,624","7,558","4,286","12,087","38,555"
28/04/2022,Adult,Oral Surgery,476,388,306,"1,392","2,562"
28/04/2022,Adult,Orthopaedics,"28,388","18,481","9,700","12,105","68,674"
28/04/2022,Adult,Otolaryngology (ENT),"16,490","8,672","5,462","18,431","49,055"
28/04/2022,Adult,Paed Cardiology,11,12,7,9,39
28/04/2022,Adult,Paediatric Neurology,9,2,4,16,32
28/04/2022,Adult,Paediatrics,86,41,20,14,161
28/04/2022,Adult,Pain Relief,"4,426","2,793","1,538","5,293","14,050"
28/04/2022,Adult,Palliative Medicine,27,0,0,0,27
28/04/2022,Adult,Pathology,55,36,28,42,161
28/04/2022,Adult,Plastic Surgery,"6,787","3,964","1,801","5,255","17,807"
28/04/2022,Adult,Psychiatry,472,29,4,12,517
28/04/2022,Adult,Radiology,38,0,0,0,38
28/04/2022,Adult,Radiotherapy,58,0,0,0,58
28/04/2022,Adult,Respiratory Medicine,"8,484","3,707","1,867","4,835","18,893"
28/04/2022,Adult,Rheumatology,"6,782","3,284","1,857","4,704","16,627"
28/04/2022,Adult,Small Volume Specialities,49,29,17,11,107
28/04/2022,Adult,Urology,"11,450","5,866","3,205","8,287","28,808"
28/04/2022,Adult,Vascular Surgery,"6,018","3,415","1,575","3,577","14,585"
28/04/2022,Child,Breast Surgery,22,0,0,0,22
28/04/2022,Child,Cardio-Thoracic Surgery,44,22,2,0,68
28/04/2022,Child,Cardiology,38,14,10,17,79
28/04/2022,Child,Child/Adolescent Psychiatry,0,16,30,22,68
28/04/2022,Child,Clinical (Medical) Genetics,424,296,288,839,"1,847"
28/04/2022,Child,Clinical Immunology,269,89,110,606,"1,074"
28/04/2022,Child,Dental Surgery,193,69,44,263,569
28/04/2022,Child,Dermatology,"1,483",827,405,893,"3,608"
28/04/2022,Child,Developmental Paediatrics,170,143,76,209,598
28/04/2022,Child,Gastro-Enterology,24,4,4,0,32
28/04/2022,Child,General Medicine,30,9,2,2,43
28/04/2022,Child,General Surgery,811,426,219,319,"1,775"
28/04/2022,Child,Gynaecology,402,174,47,12,635
28/04/2022,Child,Haematology,70,9,0,0,79
28/04/2022,Child,Immunology,171,28,20,265,484
28/04/2022,Child,Maxillo-Facial,153,56,29,105,343
28/04/2022,Child,Neurology,33,11,4,2,50
28/04/2022,Child,Ophthalmology,"2,175",791,573,"1,872","5,411"
28/04/2022,Child,Oral Surgery,108,49,17,49,223
28/04/2022,Child,Orthopaedics,"1,511",716,350,508,"3,085"
28/04/2022,Child,Otolaryngology (ENT),"3,418","1,589",940,"4,541","10,488"
28/04/2022,Child,Paed Cardiology,"1,947","1,197",712,170,"4,026"
28/04/2022,Child,Paed Endocrinology,449,225,131,78,883
28/04/2022,Child,Paed Gastro-Enterol,455,130,37,92,714
28/04/2022,Child,Paed Haematology,204,79,12,5,300
28/04/2022,Child,Paed Metabolic Medicine,49,4,0,2,55
28/04/2022,Child,Paed Nephrology,300,113,40,48,501
28/04/2022,Child,Paed Orthopaedic,"1,742","1,074",660,921,"4,397"
28/04/2022,Child,Paediatric Dermatology,"1,821","1,093",554,"2,362","5,830"
28/04/2022,Child,Paediatric ENT,"1,840",973,614,"2,182","5,609"
28/04/2022,Child,Paediatric Infectious Diseases,60,22,15,44,141
28/04/2022,Child,Paediatric Neurology,814,213,114,176,"1,317"
28/04/2022,Child,Paediatric Neurosurgery,45,4,4,2,54
28/04/2022,Child,Paediatric Respiratory Medicine,637,343,150,857,"1,987"
28/04/2022,Child,Paediatric Surgery,"2,325","1,310",811,843,"5,289"
28/04/2022,Child,Paediatric Urology,423,262,204,394,"1,283"
28/04/2022,Child,Paediatrics,"11,902","4,057","1,016",592,"17,567"
28/04/2022,Child,Pain Relief,33,8,4,0,45
28/04/2022,Child,Plastic Surgery,866,521,256,467,"2,110"
28/04/2022,Child,Rheumatology,283,150,165,673,"1,271"
28/04/2022,Child,Small Volume Specialities,45,17,9,17,89
28/04/2022,Child,Urology,921,616,387,947,"2,871"
28/04/2022,Child,Vascular Surgery,15,4,2,2,22
26/05/2022,Adult,Anaesthetics,81,19,60,173,333
26/05/2022,Adult,Audiological Medicine,73,4,0,2,79
26/05/2022,Adult,Breast Surgery,"2,361",68,10,9,"2,448"
26/05/2022,Adult,Cardio-Thoracic Surgery,310,21,26,24,381
26/05/2022,Adult,Cardiology,"17,033","8,691","3,657","3,992","33,373"
26/05/2022,Adult,Chemical Pathology,49,49,17,0,115
26/05/2022,Adult,Clinical (Medical) Genetics,978,787,762,72,"2,599"
26/05/2022,Adult,Clinical Immunology,"1,075",319,18,16,"1,428"
26/05/2022,Adult,Clinical Neurophysiology,939,474,275,480,"2,168"
26/05/2022,Adult,Dermatology,"19,493","8,858","3,106","7,806","39,263"
26/05/2022,Adult,Diabetes Mellitus,920,480,236,312,"1,948"
26/05/2022,Adult,Endocrinology,"7,408","3,775","2,108","5,476","18,767"
26/05/2022,Adult,Gastro-Enterology,"9,555","3,236","1,386","2,186","16,363"
26/05/2022,Adult,Gastro-Intestinal Surgery,454,177,52,50,733
26/05/2022,Adult,General Medicine,"10,460","4,937","2,353","3,185","20,935"
26/05/2022,Adult,General Surgery,"25,893","8,506","3,923","4,603","42,925"
26/05/2022,Adult,Geriatric Medicine,"3,076",346,86,146,"3,654"
26/05/2022,Adult,Gynaecology,"17,613","7,265","2,484","3,131","30,493"
26/05/2022,Adult,Haematology,"4,767","1,679",695,"1,334","8,475"
26/05/2022,Adult,Hepato-Biliary Surgery,76,16,15,8,115
26/05/2022,Adult,Infectious Diseases,630,73,2,2,707
26/05/2022,Adult,Maxillo-Facial,"1,322",706,467,"2,252","4,747"
26/05/2022,Adult,Metabolic Medicine,113,46,23,66,248
26/05/2022,Adult,Microbiology,37,2,2,0,41
26/05/2022,Adult,Nephrology,"1,966",527,367,648,"3,508"
26/05/2022,Adult,Neurology,"8,158","5,102","3,201","7,636","24,097"
26/05/2022,Adult,Neurosurgery,"3,321","1,561",797,"2,148","7,827"
26/05/2022,Adult,Oncology,532,19,2,0,553
26/05/2022,Adult,Ophthalmology,"15,130","7,727","4,194","11,662","38,713"
26/05/2022,Adult,Oral Surgery,474,364,279,"1,369","2,486"
26/05/2022,Adult,Orthopaedics,"28,526","18,750","9,025","10,934","67,235"
26/05/2022,Adult,Otolaryngology (ENT),"16,921","8,913","5,248","17,478","48,560"
26/05/2022,Adult,Paed Cardiology,13,7,4,7,31
26/05/2022,Adult,Paediatric Neurology,4,4,4,18,29
26/05/2022,Adult,Paediatrics,80,41,20,13,154
26/05/2022,Adult,Pain Relief,"4,558","2,902","1,506","5,248","14,214"
26/05/2022,Adult,Palliative Medicine,22,0,0,0,22
26/05/2022,Adult,Pathology,63,38,28,37,166
26/05/2022,Adult,Plastic Surgery,"6,756","4,149","1,762","5,132","17,799"
26/05/2022,Adult,Psychiatry,489,28,4,8,529
26/05/2022,Adult,Radiology,34,2,0,0,36
26/05/2022,Adult,Radiotherapy,53,0,0,0,53
26/05/2022,Adult,Respiratory Medicine,"8,872","3,719","1,722","4,710","19,023"
26/05/2022,Adult,Rheumatology,"7,065","3,343","1,781","4,629","16,818"
26/05/2022,Adult,Small Volume Specialities,48,22,11,6,87
26/05/2022,Adult,Urology,"11,769","6,089","3,022","7,650","28,530"
26/05/2022,Adult,Vascular Surgery,"6,010","3,324","1,594","3,472","14,400"
26/05/2022,Child,Cardio-Thoracic Surgery,58,18,8,2,86
26/05/2022,Child,Cardiology,46,13,13,15,87
26/05/2022,Child,Child/Adolescent Psychiatry,0,2,39,23,64
26/05/2022,Child,Clinical (Medical) Genetics,430,302,286,796,"1,814"
26/05/2022,Child,Clinical Immunology,277,102,97,573,"1,049"
26/05/2022,Child,Dental Surgery,191,68,50,246,555
26/05/2022,Child,Dermatology,"1,511",825,400,819,"3,555"
26/05/2022,Child,Developmental Paediatrics,290,256,207,328,"1,081"
26/05/2022,Child,Gastro-Enterology,26,4,4,0,33
26/05/2022,Child,General Medicine,30,9,2,2,42
26/05/2022,Child,General Surgery,797,414,203,336,"1,750"
26/05/2022,Child,Gynaecology,378,185,51,13,627
26/05/2022,Child,Haematology,75,11,0,0,86
26/05/2022,Child,Immunology,164,31,20,256,471
26/05/2022,Child,Maxillo-Facial,145,60,30,98,333
26/05/2022,Child,Neurology,23,12,2,2,38
26/05/2022,Child,Neurosurgery,16,2,2,2,21
26/05/2022,Child,Ophthalmology,"2,245",853,494,"1,754","5,346"
26/05/2022,Child,Oral Surgery,110,38,13,47,208
26/05/2022,Child,Orthopaedics,"1,543",707,348,498,"3,096"
26/05/2022,Child,Otolaryngology (ENT),"3,579","1,700",934,"4,131","10,344"
26/05/2022,Child,Paed Cardiology,"1,873","1,170",716,181,"3,940"
26/05/2022,Child,Paed Endocrinology,440,254,127,87,908
26/05/2022,Child,Paed Gastro-Enterol,503,141,33,72,749
26/05/2022,Child,Paed Haematology,197,70,10,6,283
26/05/2022,Child,Paed Metabolic Medicine,56,4,0,2,61
26/05/2022,Child,Paed Nephrology,285,110,40,51,486
26/05/2022,Child,Paed Orthopaedic,"1,713","1,071",686,909,"4,379"
26/05/2022,Child,Paediatric Dermatology,"1,927","1,073",566,"2,343","5,909"
26/05/2022,Child,Paediatric ENT,"1,959",970,628,"2,185","5,742"
26/05/2022,Child,Paediatric Infectious Diseases,64,22,14,35,135
26/05/2022,Child,Paediatric Neurology,798,211,124,174,"1,307"
26/05/2022,Child,Paediatric Neurosurgery,45,2,2,2,50
26/05/2022,Child,Paediatric Respiratory Medicine,636,351,171,852,"2,010"
26/05/2022,Child,Paediatric Surgery,"2,363","1,257",790,849,"5,259"
26/05/2022,Child,Paediatric Urology,434,262,225,383,"1,304"
26/05/2022,Child,Paediatrics,"12,253","4,059",887,460,"17,659"
26/05/2022,Child,Pain Relief,27,8,2,2,38
26/05/2022,Child,Plastic Surgery,834,521,242,479,"2,076"
26/05/2022,Child,Rheumatology,288,143,156,672,"1,259"
26/05/2022,Child,Small Volume Specialities,81,23,7,14,125
26/05/2022,Child,Urology,956,627,366,924,"2,873"
30/06/2022,Adult,Anaesthetics,76,20,51,170,317
30/06/2022,Adult,Audiological Medicine,66,4,0,2,73
30/06/2022,Adult,Breast Surgery,"2,022",11,2,0,"2,035"
30/06/2022,Adult,Cardio-Thoracic Surgery,262,28,21,24,335
30/06/2022,Adult,Cardiology,"17,631","8,361","3,411","3,300","32,703"
30/06/2022,Adult,Chemical Pathology,51,52,18,2,123
30/06/2022,Adult,Clinical (Medical) Genetics,982,757,790,150,"2,679"
30/06/2022,Adult,Clinical Immunology,"1,100",373,19,11,"1,503"
30/06/2022,Adult,Clinical Neurophysiology,"1,003",497,282,478,"2,260"
30/06/2022,Adult,Dermatology,"21,253","7,956","2,932","7,360","39,501"
30/06/2022,Adult,Diabetes Mellitus,990,516,208,317,"2,031"
30/06/2022,Adult,Endocrinology,"7,698","3,862","2,042","5,466","19,068"
30/06/2022,Adult,Gastro-Enterology,"9,694","3,176","1,341","2,096","16,307"
30/06/2022,Adult,Gastro-Intestinal Surgery,466,147,58,51,722
30/06/2022,Adult,General Medicine,"10,947","4,719","2,186","3,102","20,954"
30/06/2022,Adult,General Surgery,"26,195","8,009","3,806","4,476","42,486"
30/06/2022,Adult,Geriatric Medicine,"3,088",342,96,128,"3,654"
30/06/2022,Adult,Gynaecology,"19,838","6,809","2,705","2,961","32,313"
30/06/2022,Adult,Haematology,"5,069","1,686",663,"1,344","8,762"
30/06/2022,Adult,Hepato-Biliary Surgery,81,14,14,11,120
30/06/2022,Adult,Infectious Diseases,675,75,4,2,757
30/06/2022,Adult,Maxillo-Facial,"1,308",694,442,"2,005","4,449"
30/06/2022,Adult,Metabolic Medicine,125,46,17,58,246
30/06/2022,Adult,Microbiology,43,4,0,0,47
30/06/2022,Adult,Nephrology,"2,033",570,328,641,"3,572"
30/06/2022,Adult,Neurology,"8,561","4,917","3,093","7,546","24,117"
30/06/2022,Adult,Neurosurgery,"3,534","1,692",862,"2,191","8,279"
30/06/2022,Adult,Oncology,584,19,2,0,605
30/06/2022,Adult,Ophthalmology,"15,805","7,179","4,140","11,160","38,284"
30/06/2022,Adult,Oral Surgery,478,355,274,"1,389","2,496"
30/06/2022,Adult,Orthopaedics,"29,965","18,533","8,794","10,270","67,562"
30/06/2022,Adult,Otolaryngology (ENT),"17,603","8,677","5,151","15,996","47,427"
30/06/2022,Adult,Paed Cardiology,10,7,4,2,24
30/06/2022,Adult,Paediatric ENT,12,7,4,2,26
30/06/2022,Adult,Paediatric Neurology,4,4,4,16,29
30/06/2022,Adult,Paediatrics,88,51,16,13,168
30/06/2022,Adult,Pain Relief,"4,581","2,788","1,427","4,871","13,667"
30/06/2022,Adult,Palliative Medicine,26,0,0,0,26
30/06/2022,Adult,Pathology,55,52,22,37,166
30/06/2022,Adult,Plastic Surgery,"7,020","3,770","1,942","5,004","17,736"
30/06/2022,Adult,Psychiatry,509,29,4,7,549
30/06/2022,Adult,Radiology,28,4,0,0,33
30/06/2022,Adult,Radiotherapy,37,2,0,0,39
30/06/2022,Adult,Respiratory Medicine,"9,361","3,619","1,629","4,610","19,219"
30/06/2022,Adult,Rheumatology,"7,304","3,204","1,646","4,475","16,629"
30/06/2022,Adult,Small Volume Specialities,41,19,11,4,76
30/06/2022,Adult,Urology,"11,671","6,001","2,808","7,325","27,805"
30/06/2022,Adult,Vascular Surgery,"6,562","3,118","1,655","3,380","14,715"
30/06/2022,Child,Cardio-Thoracic Surgery,62,18,4,0,84
30/06/2022,Child,Cardiology,33,31,4,18,86
30/06/2022,Child,Child/Adolescent Psychiatry,0,2,28,2,32
30/06/2022,Child,Clinical (Medical) Genetics,484,307,281,667,"1,739"
30/06/2022,Child,Clinical Immunology,271,107,73,487,938
30/06/2022,Child,Dental Surgery,213,74,42,222,551
30/06/2022,Child,Dermatology,"1,583",798,427,810,"3,618"
30/06/2022,Child,Developmental Paediatrics,337,260,188,309,"1,094"
30/06/2022,Child,Gastro-Enterology,26,4,4,2,35
30/06/2022,Child,General Medicine,22,9,4,0,35
30/06/2022,Child,General Surgery,800,394,195,321,"1,710"
30/06/2022,Child,Gynaecology,430,176,46,11,663
30/06/2022,Child,Haematology,62,12,0,0,74
30/06/2022,Child,Immunology,170,31,21,235,457
30/06/2022,Child,Maxillo-Facial,124,70,32,84,310
30/06/2022,Child,Neurology,25,14,0,2,41
30/06/2022,Child,Neurosurgery,20,4,2,2,28
30/06/2022,Child,Ophthalmology,"2,296",885,459,"1,613","5,253"
30/06/2022,Child,Oral Surgery,99,47,13,42,201
30/06/2022,Child,Orthopaedics,"1,576",690,327,491,"3,084"
30/06/2022,Child,Otolaryngology (ENT),"3,769","1,721",916,"3,698","10,104"
30/06/2022,Child,Paed Cardiology,"1,966","1,142",724,245,"4,077"
30/06/2022,Child,Paed Endocrinology,462,243,124,103,932
30/06/2022,Child,Paed Gastro-Enterol,520,177,37,35,769
30/06/2022,Child,Paed Haematology,203,78,14,5,300
30/06/2022,Child,Paed Metabolic Medicine,60,2,0,0,62
30/06/2022,Child,Paed Nephrology,280,109,35,42,466
30/06/2022,Child,Paed Orthopaedic,"1,839","1,036",713,858,"4,446"
30/06/2022,Child,Paediatric Dermatology,"2,071","1,067",575,"2,151","5,864"
30/06/2022,Child,Paediatric ENT,"2,097",972,611,"2,044","5,724"
30/06/2022,Child,Paediatric Infectious Diseases,61,27,15,27,130
30/06/2022,Child,Paediatric Neurology,769,222,112,140,"1,243"
30/06/2022,Child,Paediatric Neurosurgery,46,4,2,0,52
30/06/2022,Child,Paediatric Respiratory Medicine,710,373,166,788,"2,037"
30/06/2022,Child,Paediatric Surgery,"2,481","1,243",770,797,"5,291"
30/06/2022,Child,Paediatric Urology,461,264,228,359,"1,312"
30/06/2022,Child,Paediatrics,"12,666","4,059",884,404,"18,013"
30/06/2022,Child,Pain Relief,24,8,0,2,34
30/06/2022,Child,Plastic Surgery,844,502,255,450,"2,051"
30/06/2022,Child,Rheumatology,318,155,141,641,"1,255"
30/06/2022,Child,Small Volume Specialities,71,20,8,13,113
30/06/2022,Child,Urology,956,623,352,947,"2,878"
30/06/2022,Child,Vascular Surgery,16,4,4,2,25
28/07/2022,Adult,Anaesthetics,103,47,64,160,374
28/07/2022,Adult,Breast Surgery,"1,690",2,0,0,"1,692"
28/07/2022,Adult,Cardio-Thoracic Surgery,273,27,20,17,337
28/07/2022,Adult,Cardiology,"17,984","8,350","3,843","3,124","33,301"
28/07/2022,Adult,Chemical Pathology,52,53,18,2,125
28/07/2022,Adult,Clinical (Medical) Genetics,"1,033",664,776,183,"2,656"
28/07/2022,Adult,Clinical Immunology,"1,126",365,34,8,"1,533"
28/07/2022,Adult,Clinical Neurophysiology,976,477,311,430,"2,194"
28/07/2022,Adult,Dermatology,"22,408","7,034","3,335","7,227","40,004"
28/07/2022,Adult,Diabetes Mellitus,"1,056",490,235,312,"2,093"
28/07/2022,Adult,Endocrinology,"8,097","3,631","2,433","5,583","19,744"
28/07/2022,Adult,Gastro-Enterology,"9,920","3,272","1,456","2,083","16,731"
28/07/2022,Adult,Gastro-Intestinal Surgery,569,145,65,49,828
28/07/2022,Adult,General Medicine,"11,321","4,488","2,348","2,984","21,141"
28/07/2022,Adult,General Surgery,"26,295","7,515","4,196","4,146","42,152"
28/07/2022,Adult,Geriatric Medicine,"3,253",360,93,132,"3,838"
28/07/2022,Adult,Gynaecology,"20,386","5,770","2,864","2,746","31,766"
28/07/2022,Adult,Haematology,"5,218","1,617",733,"1,352","8,920"
28/07/2022,Adult,Hepato-Biliary Surgery,89,12,16,8,125
28/07/2022,Adult,Infectious Diseases,682,77,10,2,771
28/07/2022,Adult,Maxillo-Facial,"1,386",654,476,"1,774","4,290"
28/07/2022,Adult,Metabolic Medicine,113,44,20,54,231
28/07/2022,Adult,Microbiology,37,2,0,0,39
28/07/2022,Adult,Nephrology,"2,153",574,319,634,"3,680"
28/07/2022,Adult,Neurology,"8,950","4,741","3,341","7,342","24,374"
28/07/2022,Adult,Neurosurgery,"3,864","1,838",912,"2,193","8,807"
28/07/2022,Adult,Oncology,637,22,5,0,664
28/07/2022,Adult,Ophthalmology,"16,080","6,741","4,319","10,774","37,914"
28/07/2022,Adult,Oral Surgery,458,368,266,"1,387","2,479"
28/07/2022,Adult,Orthopaedics,"31,072","17,201","9,651","9,982","67,906"
28/07/2022,Adult,Otolaryngology (ENT),"18,313","8,203","5,523","15,863","47,902"
28/07/2022,Adult,Paed Cardiology,11,6,7,5,29
28/07/2022,Adult,Paediatric Neurology,4,4,4,15,28
28/07/2022,Adult,Paediatrics,81,58,14,9,162
28/07/2022,Adult,Pain Relief,"4,864","2,746","1,537","4,923","14,070"
28/07/2022,Adult,Palliative Medicine,23,0,0,0,23
28/07/2022,Adult,Pathology,56,54,22,36,168
28/07/2022,Adult,Plastic Surgery,"7,367","3,453","2,198","5,024","18,042"
28/07/2022,Adult,Psychiatry,522,27,9,6,564
28/07/2022,Adult,Radiology,22,4,0,0,26
28/07/2022,Adult,Radiotherapy,46,2,0,0,48
28/07/2022,Adult,Respiratory Medicine,"9,781","3,558","1,769","4,460","19,568"
28/07/2022,Adult,Rheumatology,"7,603","3,077","1,636","4,458","16,774"
28/07/2022,Adult,Small Volume Specialities,44,20,19,9,92
28/07/2022,Adult,Urology,"12,053","5,616","2,967","7,073","27,709"
28/07/2022,Adult,Vascular Surgery,"7,085","2,795","1,876","3,232","14,988"
28/07/2022,Child,Cardio-Thoracic Surgery,56,15,7,0,78
28/07/2022,Child,Cardiology,33,19,4,19,75
28/07/2022,Child,Clinical (Medical) Genetics,510,328,280,613,"1,731"
28/07/2022,Child,Clinical Immunology,292,111,68,416,887
28/07/2022,Child,Dental Surgery,213,85,32,197,527
28/07/2022,Child,Dermatology,"1,677",747,477,817,"3,718"
28/07/2022,Child,Developmental Paediatrics,357,249,186,325,"1,117"
28/07/2022,Child,Gastro-Enterology,30,7,4,2,43
28/07/2022,Child,General Medicine,22,8,4,0,34
28/07/2022,Child,General Surgery,819,370,227,293,"1,709"
28/07/2022,Child,Gynaecology,423,150,54,8,635
28/07/2022,Child,Haematology,67,10,2,0,79
28/07/2022,Child,Immunology,168,37,18,223,446
28/07/2022,Child,Maxillo-Facial,140,73,31,76,320
28/07/2022,Child,Neurology,29,14,2,2,47
28/07/2022,Child,Neurosurgery,16,4,0,2,22
28/07/2022,Child,Ophthalmology,"2,411",872,500,"1,465","5,248"
28/07/2022,Child,Oral Surgery,87,51,18,38,194
28/07/2022,Child,Orthopaedics,"1,626",636,374,469,"3,105"
28/07/2022,Child,Otolaryngology (ENT),"3,870","1,740",981,"3,546","10,137"
28/07/2022,Child,Paed Cardiology,"2,022","1,109",766,235,"4,132"
28/07/2022,Child,Paed Endocrinology,514,231,132,98,975
28/07/2022,Child,Paed Gastro-Enterol,474,210,37,28,749
28/07/2022,Child,Paed Haematology,205,75,18,5,303
28/07/2022,Child,Paed Metabolic Medicine,57,4,0,0,61
28/07/2022,Child,Paed Nephrology,282,125,16,18,441
28/07/2022,Child,Paed Orthopaedic,"1,858","1,026",745,766,"4,395"
28/07/2022,Child,Paediatric Dermatology,"2,143","1,001",676,"1,919","5,739"
28/07/2022,Child,Paediatric ENT,"2,154",929,619,"1,882","5,584"
28/07/2022,Child,Paediatric Infectious Diseases,47,23,9,7,86
28/07/2022,Child,Paediatric Neurology,806,208,103,119,"1,236"
28/07/2022,Child,Paediatric Neurosurgery,49,4,0,0,53
28/07/2022,Child,Paediatric Respiratory Medicine,702,369,191,723,"1,985"
28/07/2022,Child,Paediatric Surgery,"2,499","1,226",815,743,"5,283"
28/07/2022,Child,Paediatric Urology,447,275,216,307,"1,245"
28/07/2022,Child,Paediatrics,"12,797","3,980",964,289,"18,030"
28/07/2022,Child,Pain Relief,29,8,2,2,41
28/07/2022,Child,Plastic Surgery,850,501,250,424,"2,025"
28/07/2022,Child,Rheumatology,372,200,172,692,"1,436"
28/07/2022,Child,Small Volume Specialities,48,19,8,11,86
28/07/2022,Child,Urology,939,621,386,945,"2,891"
28/07/2022,Child,Vascular Surgery,19,2,4,2,27
25/08/2022,Adult,Anaesthetics,98,63,63,163,387
25/08/2022,Adult,Breast Surgery,"1,660",7,2,0,"1,669"
25/08/2022,Adult,Cardio-Thoracic Surgery,332,24,22,13,391
25/08/2022,Adult,Cardiology,"17,642","8,865","3,901","3,052","33,460"
25/08/2022,Adult,Chemical Pathology,49,49,23,2,123
25/08/2022,Adult,Clinical (Medical) Genetics,"1,017",723,736,270,"2,746"
25/08/2022,Adult,Clinical Immunology,"1,122",435,26,2,"1,585"
25/08/2022,Adult,Clinical Neurophysiology,895,498,320,415,"2,128"
25/08/2022,Adult,Dermatology,"23,244","7,153","3,569","7,295","41,261"
25/08/2022,Adult,Diabetes Mellitus,"1,040",503,246,305,"2,094"
25/08/2022,Adult,Endocrinology,"8,261","3,655","2,486","5,664","20,066"
25/08/2022,Adult,Gastro-Enterology,"9,809","3,378","1,497","1,982","16,666"
25/08/2022,Adult,Gastro-Intestinal Surgery,585,153,59,44,841
25/08/2022,Adult,General Medicine,"11,385","4,746","2,460","2,980","21,571"
25/08/2022,Adult,General Surgery,"26,631","7,595","4,282","3,817","42,325"
25/08/2022,Adult,Geriatric Medicine,"3,236",376,100,137,"3,849"
25/08/2022,Adult,Gynaecology,"19,930","5,854","2,810","2,435","31,029"
25/08/2022,Adult,Haematology,"5,226","1,693",746,"1,391","9,056"
25/08/2022,Adult,Hepato-Biliary Surgery,90,17,15,6,128
25/08/2022,Adult,Infectious Diseases,749,65,8,0,822
25/08/2022,Adult,Maxillo-Facial,"1,396",671,452,"1,621","4,140"
25/08/2022,Adult,Metabolic Medicine,131,42,11,42,226
25/08/2022,Adult,Microbiology,47,2,0,2,51
25/08/2022,Adult,Nephrology,"2,107",622,308,628,"3,665"
25/08/2022,Adult,Neurology,"9,136","4,974","3,394","7,344","24,848"
25/08/2022,Adult,Neurosurgery,"3,800","1,945",937,"2,250","8,932"
25/08/2022,Adult,Oncology,597,20,4,0,621
25/08/2022,Adult,Ophthalmology,"15,549","6,956","4,242","10,702","37,449"
25/08/2022,Adult,Oral Surgery,468,372,252,"1,374","2,466"
25/08/2022,Adult,Orthopaedics,"31,545","17,584","9,842","9,637","68,608"
25/08/2022,Adult,Otolaryngology (ENT),"17,591","8,361","5,209","15,317","46,478"
25/08/2022,Adult,Paed Cardiology,12,2,9,2,25
25/08/2022,Adult,Paediatric Dermatology,50,44,8,2,104
25/08/2022,Adult,Paediatric Neurology,4,4,4,17,28
25/08/2022,Adult,Paediatrics,90,54,21,9,174
25/08/2022,Adult,Pain Relief,"4,784","3,011","1,599","4,969","14,363"
25/08/2022,Adult,Pathology,54,49,29,39,171
25/08/2022,Adult,Plastic Surgery,"7,624","3,600","2,404","4,968","18,596"
25/08/2022,Adult,Psychiatry,525,35,9,5,574
25/08/2022,Adult,Radiotherapy,45,0,0,0,45
25/08/2022,Adult,Rehabilitation Medicine,16,7,0,0,23
25/08/2022,Adult,Respiratory Medicine,"9,575","3,741","1,839","4,296","19,451"
25/08/2022,Adult,Rheumatology,"7,616","3,219","1,656","4,345","16,836"
25/08/2022,Adult,Small Volume Specialities,71,22,11,6,110
25/08/2022,Adult,Urology,"11,882","5,648","3,067","6,778","27,375"
25/08/2022,Adult,Vascular Surgery,"7,337","2,729","1,985","3,133","15,184"
25/08/2022,Child,Cardio-Thoracic Surgery,49,15,8,0,72
25/08/2022,Child,Cardiology,28,16,4,21,69
25/08/2022,Child,Clinical (Medical) Genetics,510,352,269,559,"1,690"
25/08/2022,Child,Clinical Immunology,293,115,62,376,846
25/08/2022,Child,Dental Surgery,228,97,35,196,556
25/08/2022,Child,Dermatology,"1,389",512,370,722,"2,993"
25/08/2022,Child,Developmental Paediatrics,356,248,187,319,"1,110"
25/08/2022,Child,Gastro-Enterology,28,7,4,2,40
25/08/2022,Child,General Medicine,24,7,4,0,34
25/08/2022,Child,General Surgery,803,379,238,293,"1,713"
25/08/2022,Child,Gynaecology,397,161,52,5,615
25/08/2022,Child,Haematology,61,12,0,2,75
25/08/2022,Child,Immunology,171,40,13,216,440
25/08/2022,Child,Maxillo-Facial,122,85,31,66,304
25/08/2022,Child,Neurology,26,16,2,2,46
25/08/2022,Child,Neurosurgery,15,4,0,2,20
25/08/2022,Child,Ophthalmology,"2,368","1,008",500,"1,632","5,508"
25/08/2022,Child,Oral Surgery,84,59,16,33,192
25/08/2022,Child,Orthopaedics,"1,602",654,382,447,"3,085"
25/08/2022,Child,Otolaryngology (ENT),"3,648","1,937",998,"3,356","9,939"
25/08/2022,Child,Paed Cardiology,"1,889","1,159",706,270,"4,024"
25/08/2022,Child,Paed Endocrinology,509,216,127,93,945
25/08/2022,Child,Paed Gastro-Enterol,437,197,46,17,697
25/08/2022,Child,Paed Haematology,197,67,21,2,287
25/08/2022,Child,Paed Metabolic Medicine,69,4,0,0,73
25/08/2022,Child,Paed Nephrology,287,128,24,18,457
25/08/2022,Child,Paed Orthopaedic,"1,862","1,030",683,748,"4,323"
25/08/2022,Child,Paediatric Dermatology,"2,536","1,235",784,"2,045","6,600"
25/08/2022,Child,Paediatric ENT,"2,202",987,545,"1,923","5,657"
25/08/2022,Child,Paediatric Infectious Diseases,50,18,4,2,73
25/08/2022,Child,Paediatric Neurology,758,219,101,90,"1,168"
25/08/2022,Child,Paediatric Neurosurgery,60,2,2,2,65
25/08/2022,Child,Paediatric Respiratory Medicine,680,391,168,758,"1,997"
25/08/2022,Child,Paediatric Surgery,"2,499","1,335",670,810,"5,314"
25/08/2022,Child,Paediatric Urology,467,289,189,290,"1,235"
25/08/2022,Child,Paediatrics,"12,447","4,284","1,078",289,"18,098"
25/08/2022,Child,Pain Relief,33,7,2,2,44
25/08/2022,Child,Plastic Surgery,852,520,250,420,"2,042"
25/08/2022,Child,Rheumatology,352,214,136,718,"1,420"
25/08/2022,Child,Small Volume Specialities,59,18,2,9,88
25/08/2022,Child,Urology,924,631,358,818,"2,731"
25/08/2022,Child,Vascular Surgery,16,4,4,2,25
29/09/2022,Adult,Anaesthetics,104,64,65,137,370
29/09/2022,Adult,Breast Surgery,"1,587",4,0,0,"1,591"
29/09/2022,Adult,Cardio-Thoracic Surgery,271,29,15,19,334
29/09/2022,Adult,Cardiology,"18,102","8,524","4,238","2,896","33,760"
29/09/2022,Adult,Chemical Pathology,44,44,29,2,119
29/09/2022,Adult,Clinical (Medical) Genetics,964,740,691,363,"2,758"
29/09/2022,Adult,Clinical Immunology,"1,233",461,25,2,"1,721"
29/09/2022,Adult,Clinical Neurophysiology,854,515,359,403,"2,131"
29/09/2022,Adult,Dermatology,"24,155","6,898","3,504","7,282","41,839"
29/09/2022,Adult,Diabetes Mellitus,"1,094",482,268,255,"2,099"
29/09/2022,Adult,Endocrinology,"8,305","3,742","2,570","5,692","20,309"
29/09/2022,Adult,Gastro-Enterology,"9,685","3,228","1,572","1,925","16,410"
29/09/2022,Adult,Gastro-Intestinal Surgery,587,127,65,39,818
29/09/2022,Adult,General Medicine,"11,424","4,807","2,322","2,923","21,476"
29/09/2022,Adult,General Surgery,"26,883","6,912","4,170","3,418","41,383"
29/09/2022,Adult,Geriatric Medicine,"2,943",329,105,111,"3,488"
29/09/2022,Adult,Gynaecology,"20,010","5,686","2,627","2,107","30,430"
29/09/2022,Adult,Haematology,"5,280","1,785",717,"1,387","9,169"
29/09/2022,Adult,Hepato-Biliary Surgery,75,20,8,6,109
29/09/2022,Adult,Infectious Diseases,748,56,2,0,806
29/09/2022,Adult,Maxillo-Facial,"1,281",640,411,"1,539","3,871"
29/09/2022,Adult,Metabolic Medicine,112,37,14,30,193
29/09/2022,Adult,Microbiology,39,2,0,0,41
29/09/2022,Adult,Nephrology,"2,141",645,311,587,"3,684"
29/09/2022,Adult,Neurology,"9,606","4,807","3,488","7,021","24,922"
29/09/2022,Adult,Neurosurgery,"3,685","1,941",970,"2,380","8,976"
29/09/2022,Adult,Oncology,684,18,2,0,704
29/09/2022,Adult,Ophthalmology,"15,286","5,874","4,235","10,212","35,607"
29/09/2022,Adult,Oral Surgery,497,331,272,"1,383","2,483"
29/09/2022,Adult,Orthopaedics,"32,138","17,361","9,252","9,187","67,938"
29/09/2022,Adult,Otolaryngology (ENT),"17,936","8,444","5,393","14,981","46,754"
29/09/2022,Adult,Paediatric Dermatology,51,45,12,2,110
29/09/2022,Adult,Paediatric Neurology,8,4,4,14,31
29/09/2022,Adult,Paediatrics,85,57,24,8,174
29/09/2022,Adult,Pain Relief,"5,101","3,033","1,662","4,773","14,569"
29/09/2022,Adult,Pathology,57,46,31,39,173
29/09/2022,Adult,Plastic Surgery,"7,834","3,456","2,535","4,869","18,694"
29/09/2022,Adult,Psychiatry,495,48,8,6,557
29/09/2022,Adult,Radiotherapy,35,0,0,0,35
29/09/2022,Adult,Rehabilitation Medicine,15,4,2,0,21
29/09/2022,Adult,Respiratory Medicine,"9,807","3,858","1,900","4,084","19,649"
29/09/2022,Adult,Rheumatology,"7,728","3,188","1,634","4,148","16,698"
29/09/2022,Adult,Small Volume Specialities,68,29,25,4,126
29/09/2022,Adult,Urology,"12,099","5,580","3,101","6,385","27,165"
29/09/2022,Adult,Vascular Surgery,"7,852","2,558","2,015","2,983","15,408"
29/09/2022,Child,Cardio-Thoracic Surgery,53,9,10,2,74
29/09/2022,Child,Cardiology,25,10,10,18,63
29/09/2022,Child,Clinical (Medical) Genetics,491,361,273,497,"1,622"
29/09/2022,Child,Clinical Immunology,294,101,68,340,803
29/09/2022,Child,Dental Surgery,226,93,27,167,513
29/09/2022,Child,Dermatology,"1,405",483,346,709,"2,943"
29/09/2022,Child,Developmental Paediatrics,358,237,174,334,"1,103"
29/09/2022,Child,Endocrinology,15,4,2,2,23
29/09/2022,Child,Gastro-Enterology,26,4,2,2,34
29/09/2022,Child,General Medicine,19,4,2,0,25
29/09/2022,Child,General Surgery,838,334,225,265,"1,662"
29/09/2022,Child,Gynaecology,417,162,52,6,637
29/09/2022,Child,Haematology,57,12,2,2,73
29/09/2022,Child,Immunology,192,30,17,199,438
29/09/2022,Child,Maxillo-Facial,101,79,26,67,273
29/09/2022,Child,Neurology,28,11,6,2,47
29/09/2022,Child,Neurosurgery,15,4,0,2,21
29/09/2022,Child,Ophthalmology,"2,292",952,494,"1,407","5,145"
29/09/2022,Child,Oral Surgery,92,53,19,33,197
29/09/2022,Child,Orthopaedics,"1,665",621,369,435,"3,090"
29/09/2022,Child,Otolaryngology (ENT),"3,668","1,996","1,024","3,082","9,770"
29/09/2022,Child,Paed Cardiology,"1,930","1,184",730,293,"4,137"
29/09/2022,Child,Paed Endocrinology,493,208,143,85,929
29/09/2022,Child,Paed Gastro-Enterol,468,190,54,13,725
29/09/2022,Child,Paed Haematology,211,60,14,0,285
29/09/2022,Child,Paed Metabolic Medicine,54,2,0,2,58
29/09/2022,Child,Paed Nephrology,275,129,25,10,439
29/09/2022,Child,Paed Orthopaedic,"1,982",969,641,797,"4,389"
29/09/2022,Child,Paediatric Dermatology,"2,491","1,272",791,"2,086","6,640"
29/09/2022,Child,Paediatric ENT,"2,328","1,032",532,"1,989","5,881"
29/09/2022,Child,Paediatric Infectious Diseases,46,12,2,2,62
29/09/2022,Child,Paediatric Neurology,837,202,81,77,"1,197"
29/09/2022,Child,Paediatric Neurosurgery,59,7,4,5,75
29/09/2022,Child,Paediatric Respiratory Medicine,627,383,190,767,"1,967"
29/09/2022,Child,Paediatric Surgery,"2,516","1,327",636,884,"5,363"
29/09/2022,Child,Paediatric Urology,432,295,197,274,"1,198"
29/09/2022,Child,Paediatrics,"12,241","4,454","1,155",269,"18,119"
29/09/2022,Child,Pain Relief,19,11,2,2,34
29/09/2022,Child,Plastic Surgery,893,424,287,414,"2,018"
29/09/2022,Child,Rheumatology,321,223,129,735,"1,408"
29/09/2022,Child,Small Volume Specialities,49,11,2,9,71
29/09/2022,Child,Urology,945,536,373,542,"2,396"
29/09/2022,Child,Vascular Surgery,12,9,2,2,25
27/10/2022,Adult,Anaesthetics,117,55,70,116,358
27/10/2022,Adult,Breast Surgery,"1,718",5,0,0,"1,723"
27/10/2022,Adult,Cardio-Thoracic Surgery,281,31,12,20,344
27/10/2022,Adult,Cardiology,"18,376","8,619","4,200","2,852","34,047"
27/10/2022,Adult,Chemical Pathology,44,48,26,3,121
27/10/2022,Adult,Clinical (Medical) Genetics,"1,041",727,670,400,"2,838"
27/10/2022,Adult,Clinical Immunology,"1,201",513,34,7,"1,755"
27/10/2022,Adult,Clinical Neurophysiology,886,510,382,386,"2,164"
27/10/2022,Adult,Dermatology,"23,701","6,824","3,528","7,302","41,355"
27/10/2022,Adult,Diabetes Mellitus,"1,097",489,264,230,"2,080"
27/10/2022,Adult,Endocrinology,"8,101","3,975","2,511","5,622","20,209"
27/10/2022,Adult,Gastro-Enterology,"9,871","3,177","1,549","1,942","16,539"
27/10/2022,Adult,Gastro-Intestinal Surgery,591,143,59,36,829
27/10/2022,Adult,General Medicine,"11,557","4,780","2,400","2,782","21,519"
27/10/2022,Adult,General Surgery,"26,897","6,257","4,038","3,204","40,396"
27/10/2022,Adult,Geriatric Medicine,"2,931",285,92,108,"3,416"
27/10/2022,Adult,Gynaecology,"20,216","5,515","2,290","1,906","29,927"
27/10/2022,Adult,Haematology,"5,210","1,733",713,"1,409","9,065"
27/10/2022,Adult,Hepato-Biliary Surgery,84,20,5,3,112
27/10/2022,Adult,Infectious Diseases,787,59,3,0,849
27/10/2022,Adult,Maxillo-Facial,"1,315",517,338,"1,466","3,636"
27/10/2022,Adult,Metabolic Medicine,97,33,13,23,166
27/10/2022,Adult,Microbiology,41,0,0,0,41
27/10/2022,Adult,Nephrology,"2,163",593,300,529,"3,585"
27/10/2022,Adult,Neurology,"9,640","4,721","3,406","6,772","24,539"
27/10/2022,Adult,Neurosurgery,"3,642","1,792","1,076","2,397","8,907"
27/10/2022,Adult,Oncology,624,21,3,0,648
27/10/2022,Adult,Ophthalmology,"15,108","5,835","4,119","9,749","34,811"
27/10/2022,Adult,Oral Surgery,517,317,275,"1,360","2,469"
27/10/2022,Adult,Orthopaedics,"32,366","16,789","8,538","8,438","66,131"
27/10/2022,Adult,Otolaryngology (ENT),"17,597","8,370","5,194","14,079","45,240"
27/10/2022,Adult,Paediatric Neurology,9,5,5,5,24
27/10/2022,Adult,Paediatrics,95,51,26,8,180
27/10/2022,Adult,Pain Relief,"5,066","2,973","1,722","4,548","14,309"
27/10/2022,Adult,Pathology,60,34,28,44,166
27/10/2022,Adult,Plastic Surgery,"7,818","3,252","2,410","4,811","18,291"
27/10/2022,Adult,Psychiatry,459,40,9,6,514
27/10/2022,Adult,Radiotherapy,55,0,0,0,55
27/10/2022,Adult,Respiratory Medicine,"9,917","3,765","1,920","3,804","19,406"
27/10/2022,Adult,Rheumatology,"7,707","3,116","1,648","3,937","16,408"
27/10/2022,Adult,Small Volume Specialities,88,50,18,5,160
27/10/2022,Adult,Urology,"11,915","5,145","3,095","6,001","26,156"
27/10/2022,Adult,Vascular Surgery,"7,761","2,326","1,892","2,560","14,539"
27/10/2022,Child,Cardio-Thoracic Surgery,50,7,7,2,67
27/10/2022,Child,Cardiology,28,9,4,15,57
27/10/2022,Child,Clinical (Medical) Genetics,470,356,280,387,"1,493"
27/10/2022,Child,Clinical Immunology,302,99,70,329,800
27/10/2022,Child,Dental Surgery,200,90,29,167,486
27/10/2022,Child,Dermatology,"1,380",480,347,703,"2,910"
27/10/2022,Child,Developmental Paediatrics,338,228,172,345,"1,083"
27/10/2022,Child,Endocrinology,14,4,2,2,23
27/10/2022,Child,Gastro-Enterology,27,4,2,0,34
27/10/2022,Child,General Medicine,19,4,2,0,26
27/10/2022,Child,General Surgery,848,329,209,258,"1,644"
27/10/2022,Child,Gynaecology,458,145,54,5,662
27/10/2022,Child,Haematology,64,17,2,2,85
27/10/2022,Child,Immunology,207,42,16,173,438
27/10/2022,Child,Maxillo-Facial,106,58,24,60,248
27/10/2022,Child,Neurology,31,4,7,2,45
27/10/2022,Child,Neurosurgery,15,4,0,2,22
27/10/2022,Child,Ophthalmology,"2,265",869,529,"1,211","4,874"
27/10/2022,Child,Oral Surgery,102,50,25,33,210
27/10/2022,Child,Orthopaedics,"1,632",617,344,421,"3,014"
27/10/2022,Child,Otolaryngology (ENT),"3,593","1,875","1,034","2,752","9,254"
27/10/2022,Child,Paed Cardiology,"2,001","1,105",681,144,"3,931"
27/10/2022,Child,Paed Endocrinology,479,216,140,88,923
27/10/2022,Child,Paed Gastro-Enterol,479,154,75,8,716
27/10/2022,Child,Paed Haematology,210,46,12,0,268
27/10/2022,Child,Paed Metabolic Medicine,53,2,0,2,57
27/10/2022,Child,Paed Nephrology,261,128,22,9,420
27/10/2022,Child,Paed Orthopaedic,"2,007",890,606,866,"4,369"
27/10/2022,Child,Paediatric Dermatology,"2,412","1,318",803,"2,116","6,649"
27/10/2022,Child,Paediatric ENT,"2,448","1,061",554,"1,989","6,052"
27/10/2022,Child,Paediatric Infectious Diseases,46,10,4,2,63
27/10/2022,Child,Paediatric Neurology,865,211,77,34,"1,187"
27/10/2022,Child,Paediatric Neurosurgery,39,4,2,0,46
27/10/2022,Child,Paediatric Respiratory Medicine,633,377,228,748,"1,986"
27/10/2022,Child,Paediatric Surgery,"2,455","1,340",496,737,"5,028"
27/10/2022,Child,Paediatric Urology,408,304,189,260,"1,161"
27/10/2022,Child,Paediatrics,"12,174","4,494","1,231",257,"18,156"
27/10/2022,Child,Pain Relief,15,9,2,2,29
27/10/2022,Child,Plastic Surgery,866,383,274,390,"1,913"
27/10/2022,Child,Rheumatology,288,230,129,737,"1,384"
27/10/2022,Child,Small Volume Specialities,43,13,2,2,61
27/10/2022,Child,Urology,906,528,368,505,"2,307"
27/10/2022,Child,Vascular Surgery,11,9,0,2,23
24/11/2022,Adult,Breast Surgery,"1,653",5,2,0,"1,660"
24/11/2022,Adult,Cardio-Thoracic Surgery,296,39,9,17,361
24/11/2022,Adult,Cardiology,"17,990","8,685","3,988","2,671","33,334"
24/11/2022,Adult,Chemical Pathology,41,49,21,2,113
24/11/2022,Adult,Clinical (Medical) Genetics,"1,046",744,657,407,"2,854"
24/11/2022,Adult,Clinical Immunology,"1,192",554,34,5,"1,785"
24/11/2022,Adult,Clinical Neurophysiology,861,556,380,363,"2,160"
24/11/2022,Adult,Dermatology,"23,503","7,030","3,545","7,025","41,103"
24/11/2022,Adult,Diabetes Mellitus,"1,069",507,270,208,"2,054"
24/11/2022,Adult,Endocrinology,"7,767","4,212","2,504","5,149","19,632"
24/11/2022,Adult,Gastro-Enterology,"9,892","3,143","1,512","1,753","16,300"
24/11/2022,Adult,Gastro-Intestinal Surgery,549,143,61,36,789
24/11/2022,Adult,General Medicine,"11,163","4,787","2,510","2,648","21,108"
24/11/2022,Adult,General Surgery,"26,723","5,949","3,709","2,786","39,167"
24/11/2022,Adult,Geriatric Medicine,"2,995",292,89,109,"3,485"
24/11/2022,Adult,Gynaecology,"20,051","5,429","1,967","1,635","29,082"
24/11/2022,Adult,Haematology,"5,281","1,757",762,"1,320","9,120"
24/11/2022,Adult,Hepato-Biliary Surgery,78,23,5,2,108
24/11/2022,Adult,Infectious Diseases,877,63,2,0,942
24/11/2022,Adult,Maxillo-Facial,"1,254",419,339,"1,281","3,293"
24/11/2022,Adult,Metabolic Medicine,116,32,11,13,172
24/11/2022,Adult,Microbiology,46,0,0,0,46
24/11/2022,Adult,Nephrology,"2,081",572,300,463,"3,416"
24/11/2022,Adult,Neurology,"9,380","4,646","3,288","6,515","23,829"
24/11/2022,Adult,Neurosurgery,"3,607","1,750","1,119","2,297","8,773"
24/11/2022,Adult,Oncology,605,13,2,0,620
24/11/2022,Adult,Ophthalmology,"15,204","5,842","4,180","9,172","34,398"
24/11/2022,Adult,Oral Surgery,501,305,251,"1,304","2,361"
24/11/2022,Adult,Orthopaedics,"31,722","16,540","8,343","7,778","64,383"
24/11/2022,Adult,Otolaryngology (ENT),"17,533","8,415","5,111","12,531","43,590"
24/11/2022,Adult,Paediatric Dermatology,24,2,0,2,29
24/11/2022,Adult,Paediatrics,87,55,22,2,166
24/11/2022,Adult,Pain Relief,"5,160","3,172","1,791","4,521","14,644"
24/11/2022,Adult,Pathology,49,46,34,45,174
24/11/2022,Adult,Plastic Surgery,"7,504","3,183","2,311","4,625","17,623"
24/11/2022,Adult,Psychiatry,488,46,5,2,541
24/11/2022,Adult,Radiotherapy,55,0,0,0,55
24/11/2022,Adult,Respiratory Medicine,"10,231","3,932","1,857","3,385","19,405"
24/11/2022,Adult,Rheumatology,"7,657","3,265","1,701","3,673","16,296"
24/11/2022,Adult,Small Volume Specialities,97,42,31,2,172
24/11/2022,Adult,Urology,"12,033","5,124","3,078","5,839","26,074"
24/11/2022,Adult,Vascular Surgery,"7,744","2,593","1,849","2,236","14,422"
24/11/2022,Child,Cardio-Thoracic Surgery,38,4,7,2,51
24/11/2022,Child,Cardiology,24,12,4,13,53
24/11/2022,Child,Clinical (Medical) Genetics,459,365,279,330,"1,433"
24/11/2022,Child,Clinical Immunology,290,94,80,314,778
24/11/2022,Child,Dental Surgery,186,87,30,172,475
24/11/2022,Child,Dermatology,"1,341",492,335,669,"2,837"
24/11/2022,Child,Developmental Paediatrics,337,233,172,334,"1,076"
24/11/2022,Child,Endocrinology,15,4,2,2,23
24/11/2022,Child,Gastro-Enterology,27,8,0,0,35
24/11/2022,Child,General Medicine,29,4,2,0,35
24/11/2022,Child,General Surgery,866,324,219,227,"1,636"
24/11/2022,Child,Gynaecology,455,138,59,2,654
24/11/2022,Child,Haematology,72,14,2,2,90
24/11/2022,Child,Immunology,216,43,15,153,427
24/11/2022,Child,Maxillo-Facial,84,43,24,58,209
24/11/2022,Child,Neurology,34,4,4,2,44
24/11/2022,Child,Ophthalmology,"2,299",895,525,"1,081","4,800"
24/11/2022,Child,Oral Surgery,111,45,23,26,205
24/11/2022,Child,Orthopaedics,"1,595",637,322,397,"2,951"
24/11/2022,Child,Otolaryngology (ENT),"3,524","1,950","1,039","2,240","8,753"
24/11/2022,Child,Paed Cardiology,"2,045","1,049",726,41,"3,861"
24/11/2022,Child,Paed Endocrinology,503,206,147,86,942
24/11/2022,Child,Paed Gastro-Enterol,528,152,75,5,760
24/11/2022,Child,Paed Haematology,191,47,7,0,245
24/11/2022,Child,Paed Metabolic Medicine,47,2,0,2,51
24/11/2022,Child,Paed Nephrology,266,121,23,8,418
24/11/2022,Child,Paed Orthopaedic,"1,992",946,617,816,"4,371"
24/11/2022,Child,Paediatric Dermatology,"2,345","1,412",810,"2,138","6,705"
24/11/2022,Child,Paediatric ENT,"2,440","1,157",573,"1,925","6,095"
24/11/2022,Child,Paediatric Infectious Diseases,38,13,4,2,57
24/11/2022,Child,Paediatric Neurology,854,196,70,16,"1,136"
24/11/2022,Child,Paediatric Neurosurgery,37,4,2,0,43
24/11/2022,Child,Paediatric Respiratory Medicine,633,370,243,724,"1,970"
24/11/2022,Child,Paediatric Surgery,"2,393","1,402",531,397,"4,723"
24/11/2022,Child,Paediatric Urology,419,286,195,233,"1,133"
24/11/2022,Child,Paediatrics,"12,300","4,763","1,282",226,"18,571"
24/11/2022,Child,Pain Relief,16,9,2,2,29
24/11/2022,Child,Plastic Surgery,819,378,286,373,"1,856"
24/11/2022,Child,Rheumatology,256,236,135,737,"1,364"
24/11/2022,Child,Small Volume Specialities,43,23,0,4,70
24/11/2022,Child,Urology,884,515,345,455,"2,199"
24/11/2022,Child,Vascular Surgery,11,9,2,2,24
22/12/2022,Adult,Breast Surgery,"1,681",5,0,0,"1,686"
22/12/2022,Adult,Cardio-Thoracic Surgery,318,42,8,16,384
22/12/2022,Adult,Cardiology,"17,625","8,618","3,613","2,201","32,057"
22/12/2022,Adult,Chemical Pathology,43,43,25,2,113
22/12/2022,Adult,Clinical (Medical) Genetics,"1,041",753,620,385,"2,799"
22/12/2022,Adult,Clinical Immunology,"1,243",578,29,6,"1,856"
22/12/2022,Adult,Clinical Neurophysiology,837,554,397,361,"2,149"
22/12/2022,Adult,Dermatology,"22,596","7,341","3,327","6,715","39,979"
22/12/2022,Adult,Diabetes Mellitus,"1,000",443,242,179,"1,864"
22/12/2022,Adult,Endocrinology,"7,868","4,236","2,456","4,262","18,822"
22/12/2022,Adult,Gastro-Enterology,"9,516","3,107","1,296","1,424","15,343"
22/12/2022,Adult,Gastro-Intestinal Surgery,537,162,53,36,788
22/12/2022,Adult,General Medicine,"10,517","4,706","2,365","2,251","19,839"
22/12/2022,Adult,General Surgery,"25,430","5,643","3,088","2,168","36,329"
22/12/2022,Adult,Geriatric Medicine,"3,002",242,95,99,"3,438"
22/12/2022,Adult,Gynaecology,"19,660","5,271","1,499","1,485","27,915"
22/12/2022,Adult,Haematology,"5,318","1,851",762,"1,201","9,132"
22/12/2022,Adult,Hepato-Biliary Surgery,76,28,7,0,111
22/12/2022,Adult,Infectious Diseases,"1,171",69,4,0,"1,244"
22/12/2022,Adult,Maxillo-Facial,"1,183",420,354,"1,040","2,997"
22/12/2022,Adult,Metabolic Medicine,124,26,10,12,172
22/12/2022,Adult,Microbiology,35,0,0,0,35
22/12/2022,Adult,Nephrology,"2,177",549,263,376,"3,365"
22/12/2022,Adult,Neurology,"9,504","4,507","3,131","6,096","23,238"
22/12/2022,Adult,Neurosurgery,"3,616","1,728","1,081","2,160","8,585"
22/12/2022,Adult,Oncology,538,13,2,0,553
22/12/2022,Adult,Ophthalmology,"15,296","5,854","3,931","8,187","33,268"
22/12/2022,Adult,Oral Surgery,476,267,236,"1,167","2,146"
22/12/2022,Adult,Orthopaedics,"32,115","16,769","7,788","6,973","63,645"
22/12/2022,Adult,Otolaryngology (ENT),"17,672","8,709","4,970","10,901","42,252"
22/12/2022,Adult,Paediatric Dermatology,31,4,0,2,37
22/12/2022,Adult,Paediatric Neurology,16,4,2,0,22
22/12/2022,Adult,Paediatrics,88,47,31,2,168
22/12/2022,Adult,Pain Relief,"4,954","3,126","1,759","4,183","14,022"
22/12/2022,Adult,Pathology,45,29,39,40,153
22/12/2022,Adult,Plastic Surgery,"7,246","3,082","2,102","4,499","16,929"
22/12/2022,Adult,Psychiatry,466,51,4,2,523
22/12/2022,Adult,Radiotherapy,42,0,0,0,42
22/12/2022,Adult,Respiratory Medicine,"9,998","3,984","1,767","2,798","18,547"
22/12/2022,Adult,Rheumatology,"7,482","3,222","1,703","3,265","15,672"
22/12/2022,Adult,Small Volume Specialities,83,40,20,2,145
22/12/2022,Adult,Urology,"12,167","5,024","2,815","5,066","25,072"
22/12/2022,Adult,Vascular Surgery,"7,386","2,752","1,759","2,052","13,949"
22/12/2022,Child,Cardio-Thoracic Surgery,37,4,8,0,49
22/12/2022,Child,Cardiology,23,10,4,13,50
22/12/2022,Child,Clinical (Medical) Genetics,495,376,291,286,"1,448"
22/12/2022,Child,Clinical Immunology,325,100,83,310,818
22/12/2022,Child,Dental Surgery,224,88,36,167,515
22/12/2022,Child,Dermatology,"1,315",519,310,628,"2,772"
22/12/2022,Child,Developmental Paediatrics,315,248,181,333,"1,077"
22/12/2022,Child,Endocrinology,13,4,2,2,22
22/12/2022,Child,Gastro-Enterology,16,9,2,0,27
22/12/2022,Child,General Medicine,28,4,4,0,37
22/12/2022,Child,General Surgery,874,312,206,159,"1,551"
22/12/2022,Child,Gynaecology,457,134,61,2,654
22/12/2022,Child,Haematology,78,11,4,0,93
22/12/2022,Child,Immunology,220,32,14,127,393
22/12/2022,Child,Maxillo-Facial,77,27,33,52,189
22/12/2022,Child,Neurology,31,7,4,2,45
22/12/2022,Child,Ophthalmology,"2,289",888,501,955,"4,633"
22/12/2022,Child,Oral Surgery,107,46,22,26,201
22/12/2022,Child,Orthopaedics,"1,565",633,298,337,"2,833"
22/12/2022,Child,Other,49,5,0,0,54
22/12/2022,Child,Otolaryngology (ENT),"3,713","2,011","1,092","1,807","8,623"
22/12/2022,Child,Paed Cardiology,"2,077","1,080",811,30,"3,998"
22/12/2022,Child,Paed Endocrinology,514,201,133,70,918
22/12/2022,Child,Paed Gastro-Enterol,559,168,80,5,812
22/12/2022,Child,Paed Haematology,178,52,4,0,234
22/12/2022,Child,Paed Metabolic Medicine,50,2,0,2,54
22/12/2022,Child,Paed Nephrology,271,107,27,6,411
22/12/2022,Child,Paed Orthopaedic,"2,083",989,584,767,"4,423"
22/12/2022,Child,Paediatric Dermatology,"2,443","1,483",831,"2,100","6,857"
22/12/2022,Child,Paediatric ENT,"2,594","1,163",564,"1,960","6,281"
22/12/2022,Child,Paediatric Infectious Diseases,63,10,4,0,77
22/12/2022,Child,Paediatric Neurology,917,218,62,0,"1,197"
22/12/2022,Child,Paediatric Neurosurgery,37,4,4,0,46
22/12/2022,Child,Paediatric Respiratory Medicine,644,406,255,685,"1,990"
22/12/2022,Child,Paediatric Surgery,"2,437","1,428",561,159,"4,585"
22/12/2022,Child,Paediatric Urology,453,294,208,232,"1,187"
22/12/2022,Child,Paediatrics,"12,601","4,736","1,271",168,"18,776"
22/12/2022,Child,Pain Relief,14,11,4,2,32
22/12/2022,Child,Plastic Surgery,791,363,277,336,"1,767"
22/12/2022,Child,Rheumatology,285,233,144,721,"1,383"
22/12/2022,Child,Small Volume Specialities,59,17,0,2,78
22/12/2022,Child,Urology,906,507,333,280,"2,026"
22/12/2022,Child,Vascular Surgery,14,4,2,2,23
