Speciality,Group
Anaesthetics,Pain Management
Breast Surgery,Breast
Cardio-Thoracic Surgery,Heart/Lung
Cardiology,Heart
Clinical Immunology,Immune System
Dental Surgery,Teeth
Dermatology,Skin
Endocrinology,Hormones
Gastro-Enterology,Digestive System
Gastro-Intestinal Surgery,Digestive System
General Medicine,General Health
General Surgery,General Surgery
Geriatric Medicine,Elderly Care
Gynaecology,Female Reproductive
Haematology,Blood
Hepato-Biliary Surgery,Liver/Gallbladder
Maxillo-Facial,Facial Bones
Nephrology,Kidneys
Neurology,Nervous System
Neurosurgery,Brain/Nerves
Obstetrics,Childbirth
Oncology,Cancer
Ophthalmology,Eyes
Oral Surgery,Mouth/Teeth
Orthopaedics,Bones/Joints
Otolaryngology (ENT),Ear/Nose/Throat
Pain Relief,Pain Management
Plastic Surgery,Cosmetic/Reconstructive
Radiology,Imaging
Respiratory Medicine,Lungs/Breathing
Rheumatology,Joints/Muscles
Small Volume Specialties,Rare Conditions
Vascular Surgery,Blood Vessels
Developmental Paediatrics,Child Development
Immunology,Child Immune System
Neonatology,Newborns
Paed Cardiology,Child Heart
Paed Endocrinology,Child Hormones
Paed Gastro-Enterol,Child Digestive System
Paed Metabolic Medicine,Child Metabolism
Paed Nephrology,Child Kidneys
Paed Orthopaedic,Child Bones
Paediatric Dermatology,Child Skin
Paediatric ENT,Child Ear/Nose/Throat
Paediatric Infectious Diseases,Child Infections
Paediatric Neurology,Child Nervous System
Paediatric Neurosurgery,Child Brain Surgery
Paediatric Radiology,Child Imaging
Paediatric Respiratory Medicine,Child Lungs
Paediatric Surgery,Child Surgery
Paediatric Urology,Child Urinary System
Paediatrics,Child Health
Urology,Urine
