HospitalName,Hospital Type,County,Region,Latitude,Longitude
Bantry General Hospital,General,Cork,South,51.67652,-9.44985
Beaumont Hospital,General,Dublin,East,53.38949,-6.22473
Cavan General Hospital,General,Cavan,North,54.00106,-7.37203
Connolly Hospital Blanchardstown,General,Dublin,East,53.38897,-6.36783
Coombe Women and Infants University Hospital,University,Dublin,East,53.33464,-6.28827
Cork University Hospital,University,Cork,South,51.88335,-8.51018
Cork University Maternity Hospital,University,Cork,South,51.88240,-8.51084
Croom Orthopaedic Hospital,Specialized,Limerick,West,52.52706,-8.71188
Ennis Hospital,General,Clare,West,52.85109,-8.98323
Galway University Hospitals,University,Galway,West,53.27695,-9.06669
Kilcreene Regional Orthopaedic Hospital,Specialized,Kilkenny,West,52.65238,-7.27496
Letterkenny University Hospital,University,Donegal,North,54.96003,-7.73464
Louth County Hospital,General,Louth,East,53.98787,-6.40066
Mallow General Hospital,General,Cork,South,52.15150,-8.66370
Mater Misericordiae University Hospital,University,Dublin,East,53.35923,-6.26706
Mayo University Hospital,University,Mayo,West,53.85075,-9.30229
Mercy University Hospital,University,Cork,South,51.89898,-8.48243
Midland Regional Hospital Mullingar,General,Westmeath,West,53.53441,-7.34901
Midland Regional Hospital Portlaoise,General,Laois,West,53.03782,-7.27537
Midland Regional Hospital Tullamore,General,Offaly,West,53.28313,-7.48855
Naas General Hospital,General,Kildare,East,53.21141,-6.66140
National Orthopaedic Hospital Cappagh,Specialized,Dublin,East,53.39385,-6.32680
Nenagh Hospital,General,Tipperary,West,52.85783,-8.19100
Our Lady of Lourdes Hospital Drogheda,General,Louth,East,53.72214,-6.35429
Our Lady's Hospital Navan,General,Meath,East,53.65019,-6.69816
Portiuncula University Hospital,University,Galway,West,53.32660,-8.23555
Roscommon University Hospital,University,Roscommon,West,53.62477,-8.17507
Royal Victoria Eye and Ear Hospital,Specialized,Dublin,East,53.33282,-6.25593
Sligo University Hospital,University,Sligo,West,54.27509,-8.46445
South Infirmary Victoria University Hospital,University,Cork,South,51.89347,-8.46376
South Tipperary General Hospital,General,Tipperary,South,52.35551,-7.71412
St. Columcille's Hospital,General,Dublin,East,53.24235,-6.13252
St. James's Hospital,General,Dublin,East,53.34012,-6.29558
St. John's Hospital Limerick,General,Limerick,West,52.66336,-8.61686
St. Luke's General Hospital Kilkenny,General,Kilkenny,West,52.66646,-7.26282
St. Michael's Hospital,General,Dublin,East,53.29414,-6.13795
St. Vincent's University Hospital,University,Dublin,East,53.31684,-6.21280
Tallaght University Hospital,University,Dublin,East,53.29119,-6.37883
University Hospital Kerry,University,Kerry,South,52.26580,-9.68742
University Hospital Limerick,University,Limerick,West,52.63421,-8.65316
University Hospital Waterford,University,Waterford,South,52.24900,-7.07816
Wexford General Hospital,General,Wexford,South,52.34317,-6.48302
Children's Health Ireland,Specialized,Dublin,East,53.32618,-6.31890
Small Volume Hospitals,General,Dublin,East,53.34938,-6.26056
Tipperary University Hospital,University,Tipperary,South,52.35571,-7.71575
